queue_id,source_path,title,domain,artifact_type,proposed_id,proposed_hsn,status,priority,notes
IQ-0001,about/README.md,About,about,guide,AL-ARCH-FDF284A1,H02-S03-N01,QUEUED,7,Autogenerated candidate for registry ingestion.
IQ-0002,about/david-sheldon.md,👤 About David Sheldon,about,artifact,AL-ARCH-CD56536F,H02-S03-N12,QUEUED,7,Autogenerated candidate for registry ingestion.
IQ-0003,docs/GLOSSARY.md,📖 Glossary — Atlas Lattice Archive,docs,guide,AL-ARCH-78A2E779,H01-S07-N04,QUEUED,10,Autogenerated candidate for registry ingestion.
IQ-0004,docs/LATTICE_HYPERCUBE_12x12x12.md,LATTICE_HYPERCUBE_12x12x12_PUBLIC_EXPLAINER_v0.1,docs,artifact,AL-ARCH-F6B0DB61,H07-S09-N04,QUEUED,10,Autogenerated candidate for registry ingestion.
IQ-0005,docs/START_HERE.md,🚪 Start Here — Atlas Lattice Archive,docs,guide,AL-ARCH-102B6F72,H05-S08-N04,QUEUED,10,Autogenerated candidate for registry ingestion.
IQ-0006,docs/aetherforge/README.md,Aetherforge,docs,guide,AL-ARCH-68B01A98,H09-S09-N03,QUEUED,10,Autogenerated candidate for registry ingestion.
IQ-0007,docs/aetherforge/crosslink-quest-flow.md,Cross-Link Quest Flow,docs,artifact,AL-ARCH-7EC339B3,H07-S04-N10,QUEUED,10,Autogenerated candidate for registry ingestion.
IQ-0008,docs/aetherforge/curation-loops.md,Curation Loops,docs,artifact,AL-ARCH-2F56C0CD,H12-S03-N01,QUEUED,10,Autogenerated candidate for registry ingestion.
IQ-0009,docs/aetherforge/evidence-logging-quest-flow.md,Evidence Logging Quest Flow,docs,evidence,AL-EVID-0B75E679,H12-S10-N03,QUEUED,10,Autogenerated candidate for registry ingestion.
IQ-0010,docs/aetherforge/intake-quest-flow.md,Intake Quest Flow,docs,artifact,AL-ARCH-3693963F,H07-S04-N07,QUEUED,10,Autogenerated candidate for registry ingestion.
IQ-0011,docs/aetherforge/metadata-backfill-quest-flow.md,Metadata Backfill Quest Flow,docs,artifact,AL-ARCH-181E90B7,H01-S07-N01,QUEUED,10,Autogenerated candidate for registry ingestion.
IQ-0012,docs/aetherforge/playable-curation-loop-v0.1.md,Playable Curation Loop v0.1,docs,artifact,AL-ARCH-6EA2612E,H03-S07-N02,QUEUED,10,Autogenerated candidate for registry ingestion.
IQ-0013,docs/aetherforge/public-readiness-polish-quest-flow.md,Public-Readiness Polish Quest Flow,docs,artifact,AL-ARCH-8B462B75,H08-S11-N08,QUEUED,10,Autogenerated candidate for registry ingestion.
IQ-0014,docs/aetherforge/quest-to-task-map.md,Quest-to-Task Map,docs,artifact,AL-ARCH-D3CBAAE5,H08-S12-N03,QUEUED,10,Autogenerated candidate for registry ingestion.
IQ-0015,docs/aetherforge/quest-types.md,Aetherforge Quest Types,docs,artifact,AL-ARCH-978C8BB7,H08-S09-N08,QUEUED,10,Autogenerated candidate for registry ingestion.
IQ-0016,docs/aetherforge/questboard-2026-05-28.md,Questboard — 2026-05-28,docs,artifact,AL-ARCH-BF68D578,H12-S09-N10,QUEUED,10,Autogenerated candidate for registry ingestion.
IQ-0017,docs/artifact-quality-rubric.md,Artifact Quality Rubric,docs,artifact,AL-ARCH-7E0BE396,H07-S12-N12,QUEUED,10,Autogenerated candidate for registry ingestion.
IQ-0018,docs/asset-catalogue-march-2026.md,"Aluminum OS — Complete Asset Catalogue (March 15, 2026)",docs,artifact,AL-ARCH-5F11C144,H12-S06-N02,QUEUED,10,Autogenerated candidate for registry ingestion.
IQ-0019,docs/benchmark/README.md,Benchmark,docs,guide,AL-ARCH-A8FB7B29,H01-S12-N04,QUEUED,10,Autogenerated candidate for registry ingestion.
IQ-0020,docs/benchmark/comparison-repos-2026-05-28.md,Comparison Repositories — 2026-05-28,docs,artifact,AL-ARCH-B0FF4898,H09-S04-N01,QUEUED,10,Autogenerated candidate for registry ingestion.
IQ-0021,docs/benchmark/launch-threshold-2026-05-28.md,Launch Threshold — 2026-05-28,docs,artifact,AL-ARCH-167BC482,H11-S04-N05,QUEUED,10,Autogenerated candidate for registry ingestion.
IQ-0022,docs/benchmark/scorecard-2026-05-28.md,Benchmark Scorecard — 2026-05-28,docs,artifact,AL-ARCH-5EA4A9CF,H11-S09-N02,QUEUED,10,Autogenerated candidate for registry ingestion.
IQ-0023,docs/benchmark/world-class-criteria-2026-05-28.md,World-Class Public Repository Criteria — 2026-05-28,docs,artifact,AL-ARCH-BC4CC2CA,H09-S05-N03,QUEUED,10,Autogenerated candidate for registry ingestion.
IQ-0024,docs/constitutional-convention-process.md,🏛️ Constitutional Convention Process — How AIs Negotiated Governance,docs,artifact,AL-ARCH-A86FB035,H01-S04-N09,QUEUED,10,Autogenerated candidate for registry ingestion.
IQ-0025,docs/contributor-decision-tree.md,Contributor Decision Tree,docs,artifact,AL-ARCH-63B9D3B7,H04-S06-N08,QUEUED,10,Autogenerated candidate for registry ingestion.
IQ-0026,docs/decisions/ADR-0002-validation-hardening-strategy.md,ADR-0002 — Validation Hardening Strategy,docs,artifact,AL-ARCH-327A4BA7,H03-S03-N04,QUEUED,10,Autogenerated candidate for registry ingestion.
IQ-0027,docs/decisions/ADR-0003-evidence-ledger-adoption.md,ADR-0003 — Evidence Ledger Adoption,docs,evidence,AL-EVID-63DD0395,H04-S06-N04,QUEUED,10,Autogenerated candidate for registry ingestion.
IQ-0028,docs/deprecation-policy.md,Deprecation and Supersession Policy,docs,doctrine,AL-GOV-EAE68F68,H07-S03-N12,QUEUED,10,Autogenerated candidate for registry ingestion.
IQ-0029,docs/domain-normalization-matrix-2026-05-28.md,Domain Normalization Matrix — 2026-05-28,docs,artifact,AL-ARCH-AAD9A4B1,H03-S02-N09,QUEUED,10,Autogenerated candidate for registry ingestion.
IQ-0030,docs/domain-ownership-map-2026-05-28.md,Domain Ownership Map — 2026-05-28,docs,artifact,AL-ARCH-66FCA927,H07-S01-N02,QUEUED,10,Autogenerated candidate for registry ingestion.
IQ-0031,docs/domains/README.md,Domains Index,docs,guide,AL-ARCH-5EEC2CEF,H11-S09-N09,QUEUED,10,Autogenerated candidate for registry ingestion.
IQ-0032,docs/domains/aluminum-os.md,Aluminum OS Domain,docs,artifact,AL-ARCH-4DE30E09,H06-S12-N03,QUEUED,10,Autogenerated candidate for registry ingestion.
IQ-0033,docs/domains/archive.md,Archive Domain,docs,artifact,AL-ARCH-99D99315,H10-S02-N04,QUEUED,10,Autogenerated candidate for registry ingestion.
IQ-0034,docs/domains/governance.md,Governance Domain,docs,artifact,AL-ARCH-A119B788,H06-S02-N04,QUEUED,10,Autogenerated candidate for registry ingestion.
IQ-0035,docs/domains/projects.md,Projects Domain,docs,artifact,AL-ARCH-E7380A87,H04-S09-N11,QUEUED,10,Autogenerated candidate for registry ingestion.
IQ-0036,docs/evidence/README.md,Evidence Ledger Index,docs,guide,AL-ARCH-A3912918,H08-S02-N06,QUEUED,10,Autogenerated candidate for registry ingestion.
IQ-0037,docs/evidence-coverage-dashboard.md,Evidence Coverage Dashboard,docs,evidence,AL-EVID-913DFB4A,H02-S02-N12,QUEUED,10,Autogenerated candidate for registry ingestion.
IQ-0038,docs/evidence-standards.md,Evidence Standards,docs,evidence,AL-EVID-FF93566C,H04-S04-N03,QUEUED,10,Autogenerated candidate for registry ingestion.
IQ-0039,docs/explainers/README.md,Explainers,docs,guide,AL-ARCH-8CA63E44,H09-S11-N03,QUEUED,10,Autogenerated candidate for registry ingestion.
IQ-0040,docs/explainers/evidence-and-trust-explainer.md,Evidence and Trust Explainer,docs,evidence,AL-EVID-0FAEB932,H04-S07-N06,QUEUED,10,Autogenerated candidate for registry ingestion.
IQ-0041,docs/explainers/knowledge-graph-explainer.md,Knowledge Graph Explainer,docs,artifact,AL-ARCH-EBDCF46B,H08-S05-N05,QUEUED,10,Autogenerated candidate for registry ingestion.
IQ-0042,docs/intake/README.md,Intake,docs,guide,AL-ARCH-F57E20B3,H06-S07-N09,QUEUED,10,Autogenerated candidate for registry ingestion.
IQ-0043,docs/intake/import-receipt-template.md,Import Receipt Template,docs,artifact,AL-ARCH-F89D922C,H09-S02-N03,QUEUED,10,Autogenerated candidate for registry ingestion.
IQ-0044,docs/intake/import-triage-classes.md,Import Triage Classes,docs,artifact,AL-ARCH-8D58138A,H10-S05-N08,QUEUED,10,Autogenerated candidate for registry ingestion.
IQ-0045,docs/intake/intake-checklist.md,Intake Checklist,docs,artifact,AL-ARCH-61C4A432,H02-S05-N09,QUEUED,10,Autogenerated candidate for registry ingestion.
IQ-0046,docs/intake/intake-status-dashboard.md,Intake Status Dashboard,docs,artifact,AL-ARCH-FFB10AB7,H04-S10-N11,QUEUED,10,Autogenerated candidate for registry ingestion.
IQ-0047,docs/intake/ip-500-tracker.md,500+ IP Publication Tracker,docs,artifact,AL-ARCH-E63348D9,H03-S04-N01,QUEUED,10,Autogenerated candidate for registry ingestion.
IQ-0048,docs/intake/migration-backlog.md,Migration Backlog,docs,artifact,AL-ARCH-BE52573F,H11-S11-N04,QUEUED,10,Autogenerated candidate for registry ingestion.
IQ-0049,docs/intake/migration-standards-v0.1.md,Migration Standards v0.1,docs,artifact,AL-ARCH-CA0730D6,H11-S08-N01,QUEUED,10,Autogenerated candidate for registry ingestion.
IQ-0050,docs/knowledge-graph/live/README.md,Live KG Explorer (Candidate),docs,guide,AL-ARCH-69A8CC44,H10-S01-N01,QUEUED,10,Autogenerated candidate for registry ingestion.
IQ-0051,docs/knowledge-graph/reverse_links_autogenerated.md,Reverse Links (Autogenerated),docs,artifact,AL-ARCH-C075C6EA,H01-S10-N07,QUEUED,10,Autogenerated candidate for registry ingestion.
IQ-0052,docs/launch/README.md,Launch Package,docs,guide,AL-ARCH-32B95901,H03-S06-N06,QUEUED,10,Autogenerated candidate for registry ingestion.
IQ-0053,docs/launch/launch-readiness-briefing-2026-05-28.md,Launch Readiness Briefing — 2026-05-28,docs,report,AL-RESEARCH-2F7DF5E3,H12-S06-N06,QUEUED,10,Autogenerated candidate for registry ingestion.
IQ-0054,docs/launch/public-contribution-starter-path.md,Public Contribution Starter Path,docs,artifact,AL-ARCH-51E2ADF9,H10-S11-N06,QUEUED,10,Autogenerated candidate for registry ingestion.
IQ-0055,docs/launch/public-maintenance-roadmap.md,Public Maintenance Roadmap,docs,artifact,AL-ARCH-7F3B5DAA,H08-S12-N10,QUEUED,10,Autogenerated candidate for registry ingestion.
IQ-0056,docs/operational-manifest-v1.0.0-alpha.md,Constitutional Computing OS: Operational Manifest,docs,artifact,AL-ARCH-114F0E4C,H06-S08-N03,QUEUED,10,Autogenerated candidate for registry ingestion.
IQ-0057,docs/quarterly-report-2026-Q2.md,Quarterly Report — 2026 Q2,docs,report,AL-RESEARCH-162620CA,H11-S03-N09,QUEUED,10,Autogenerated candidate for registry ingestion.
IQ-0058,docs/ratification/README.md,Ratification,docs,guide,AL-ARCH-35D6B618,H06-S11-N03,QUEUED,10,Autogenerated candidate for registry ingestion.
IQ-0059,docs/ratification/adjudication-request-template.md,Adjudication Request Template,docs,artifact,AL-ARCH-2B386566,H08-S09-N06,QUEUED,10,Autogenerated candidate for registry ingestion.
IQ-0060,docs/ratification/canon-boundary-audit-2026-05-28.md,Canon Boundary Audit — 2026-05-28,docs,artifact,AL-ARCH-CF62A636,H04-S03-N11,QUEUED,10,Autogenerated candidate for registry ingestion.
IQ-0061,docs/ratification/pre-ratification-checklist-code.md,Pre-Ratification Checklist — Code Artifact,docs,artifact,AL-ARCH-057C74C9,H06-S05-N09,QUEUED,10,Autogenerated candidate for registry ingestion.
IQ-0062,docs/ratification/pre-ratification-checklist-flagship.md,Pre-Ratification Checklist — Flagship Artifact,docs,artifact,AL-ARCH-C6B9630E,H07-S06-N04,QUEUED,10,Autogenerated candidate for registry ingestion.
IQ-0063,docs/ratification/pre-ratification-checklist-governance.md,Pre-Ratification Checklist — Governance Artifact,docs,artifact,AL-ARCH-C99E20C3,H10-S03-N09,QUEUED,10,Autogenerated candidate for registry ingestion.
IQ-0064,docs/ratification/ratification-candidate-queue.md,Ratification Candidate Queue,docs,artifact,AL-ARCH-6FC6E354,H04-S07-N12,QUEUED,10,Autogenerated candidate for registry ingestion.
IQ-0065,docs/ratification/ratification-packet-requirements.md,Ratification Packet Requirements,docs,artifact,AL-ARCH-35AF7DD9,H06-S08-N06,QUEUED,10,Autogenerated candidate for registry ingestion.
IQ-0066,docs/ratification/trust-state-rubric.md,Trust State Rubric,docs,artifact,AL-ARCH-FF2DD87C,H04-S10-N01,QUEUED,10,Autogenerated candidate for registry ingestion.
IQ-0067,docs/reading-lists/README.md,Reading Lists,docs,guide,AL-ARCH-5BDCA186,H08-S05-N06,QUEUED,10,Autogenerated candidate for registry ingestion.
IQ-0068,docs/reading-lists/aetherforge-game.md,Aetherforge Game / Curation Reading List,docs,artifact,AL-ARCH-A60791B3,H11-S08-N02,QUEUED,10,Autogenerated candidate for registry ingestion.
IQ-0069,docs/reading-lists/governance-and-ai-safety.md,Governance and AI Safety Reading List,docs,artifact,AL-ARCH-322CA399,H03-S09-N08,QUEUED,10,Autogenerated candidate for registry ingestion.
IQ-0070,docs/reading-lists/knowledge-graph-architecture.md,Knowledge Graph Architecture Reading List,docs,artifact,AL-ARCH-4FBD4CE1,H08-S10-N05,QUEUED,10,Autogenerated candidate for registry ingestion.
IQ-0071,docs/reading-paths/README.md,Reading Paths,docs,guide,AL-ARCH-1777CF21,H12-S12-N04,QUEUED,10,Autogenerated candidate for registry ingestion.
IQ-0072,docs/reading-paths/for-contributors.md,Reading Path for Contributors,docs,artifact,AL-ARCH-6B4173A5,H12-S06-N08,QUEUED,10,Autogenerated candidate for registry ingestion.
IQ-0073,docs/reading-paths/for-engineers.md,Reading Path for Engineers,docs,artifact,AL-ARCH-B39B5297,H12-S12-N11,QUEUED,10,Autogenerated candidate for registry ingestion.
IQ-0074,docs/reading-paths/for-governance.md,Reading Path for Governance,docs,artifact,AL-ARCH-36902344,H07-S01-N12,QUEUED,10,Autogenerated candidate for registry ingestion.
IQ-0075,docs/reading-paths/for-researchers.md,Reading Path for Researchers,docs,artifact,AL-ARCH-0471905A,H05-S06-N01,QUEUED,10,Autogenerated candidate for registry ingestion.
IQ-0076,docs/review-sla.md,Review SLA,docs,artifact,AL-ARCH-5A2DF80E,H07-S10-N09,QUEUED,10,Autogenerated candidate for registry ingestion.
IQ-0077,docs/spotlight/README.md,Spotlight,docs,guide,AL-ARCH-B5EC8226,H02-S09-N11,QUEUED,10,Autogenerated candidate for registry ingestion.
IQ-0078,docs/spotlight/aluminum-os.md,Aluminum OS Spotlight,docs,artifact,AL-ARCH-A57D425D,H10-S06-N07,QUEUED,10,Autogenerated candidate for registry ingestion.
IQ-0079,docs/spotlight/gptdream-plus-plus.md,GPTDream++ Spotlight,docs,artifact,AL-ARCH-3CC2590C,H01-S03-N06,QUEUED,10,Autogenerated candidate for registry ingestion.
IQ-0080,docs/topics/README.md,Topics Index,docs,guide,AL-ARCH-01D0ACDA,H02-S05-N05,QUEUED,10,Autogenerated candidate for registry ingestion.
IQ-0081,docs/topics/aetherforge-game.md,Aetherforge Game,docs,artifact,AL-ARCH-1C6DD748,H05-S02-N12,QUEUED,10,Autogenerated candidate for registry ingestion.
IQ-0082,docs/topics/governance.md,Governance,docs,artifact,AL-ARCH-5561714B,H02-S02-N06,QUEUED,10,Autogenerated candidate for registry ingestion.
IQ-0083,docs/topics/gptdream-protocols.md,GPTDream Protocols,docs,spec,AL-GP-D72C7D7F,H12-S09-N06,QUEUED,10,Autogenerated candidate for registry ingestion.
IQ-0084,docs/topics/knowledge-graph.md,Knowledge Graph,docs,artifact,AL-ARCH-2773D363,H04-S08-N08,QUEUED,10,Autogenerated candidate for registry ingestion.
IQ-0085,docs/topics/multi-agent-systems.md,Multi-Agent Systems,docs,artifact,AL-ARCH-EB6FE09B,H08-S04-N09,QUEUED,10,Autogenerated candidate for registry ingestion.
IQ-0086,docs/unified-field-v4.0.md,"⚡ ALUMINUM OS — UNIFIED FIELD v4.0 (March 20, 2026)",docs,artifact,AL-ARCH-D9B21126,H02-S11-N06,QUEUED,10,Autogenerated candidate for registry ingestion.
IQ-0087,docs/validation-receipt-format-v0.1.md,Validation Receipt Format v0.1,docs,artifact,AL-ARCH-7FB2BC31,H08-S11-N09,QUEUED,10,Autogenerated candidate for registry ingestion.
IQ-0088,projects/chinook-guardian/README.md,Chinook Guardian — Project Overview,projects,guide,AL-ARCH-B2AAC849,H11-S03-N09,QUEUED,7,Autogenerated candidate for registry ingestion.
IQ-0089,projects/three-tier-autonomy/README.md,Three-Tier Autonomy — Project Overview,projects,guide,AL-ARCH-78D90239,H01-S02-N03,QUEUED,7,Autogenerated candidate for registry ingestion.
IQ-0090,archive/architecture/DEEPSEEK_DRAGONSEEK_FORKABILITY_BREAKTHROUGH_2026-05-08.md,DeepSeek / DragonSeek Forkability Breakthrough,archive,artifact,AL-ARCH-664EC3FD,H07-S07-N04,QUEUED,7,Autogenerated candidate for registry ingestion.
IQ-0091,archive/architecture/LATTICE_AS_AGENT_HABITAT_LIFECYCLE_NOTE_2026-05-08.md,Lattice as Agent Habitat / Lifecycle Architecture Note,archive,artifact,AL-ARCH-3EF9935E,H03-S10-N04,QUEUED,7,Autogenerated candidate for registry ingestion.
IQ-0092,archive/architecture/PLAY_CYCLE_FUN_WORKS_DESIGN_PRINCIPLE_2026-05-08.md,Play Cycle Design Principle — Fun Works,archive,artifact,AL-ARCH-EE9D49EE,H11-S02-N02,QUEUED,7,Autogenerated candidate for registry ingestion.
IQ-0093,archive/architecture/SHELDONBRAIN_MISSING_PARSER_MODULE_DISCOVERY_2026-05-08.md,Sheldonbrain Missing Parser Module Discovery,archive,artifact,AL-ARCH-417B2A0F,H06-S04-N07,QUEUED,7,Autogenerated candidate for registry ingestion.
IQ-0094,archive/assessments/GITHUB_OVER_DRIVE_PUBLIC_MEMORY_BREAKTHROUGH_2026-05-08.md,GitHub-over-Drive Public Memory Breakthrough,archive,report,AL-RESEARCH-62B6956C,H03-S03-N06,QUEUED,7,Autogenerated candidate for registry ingestion.
IQ-0095,archive/assessments/METATRON_CUBE_PHASE_CHANGE_BUILD_2_0_DECISION_NOTE_2026-05-09.md,Metatron’s Cube Phase-Change / Build 2.0 Decision Note,archive,report,AL-RESEARCH-0D2082BE,H02-S09-N11,QUEUED,7,Autogenerated candidate for registry ingestion.
IQ-0096,archive/assessments/MORPHEUS_SPECIAL_RAW_LOGS_PUBLIC_ASSESSMENT_2026-05-08.md,Morpheus Special — Raw Logs Public Assessment,archive,spec,AL-GP-383784B3,H09-S08-N01,QUEUED,7,Autogenerated candidate for registry ingestion.
IQ-0097,archive/boot/COUNCIL_BRAIN_FULL_SYNTHESIS_2026-05-09.md,Council Brain Full Synthesis — All Seats / All Brains,archive,artifact,AL-ARCH-530D85DD,H12-S02-N02,QUEUED,7,Autogenerated candidate for registry ingestion.
IQ-0098,archive/boot/GeminiBrain/ElixirBrain/README.md,ElixirBrain — S4 GeminiBrain Dream Memory Palace,archive,guide,AL-ARCH-BBD74973,H08-S12-N02,QUEUED,7,Autogenerated candidate for registry ingestion.
IQ-0099,archive/boot/GeminiBrain/ForgeBrain/FAILURE_MODES.md,Failure Modes,archive,artifact,AL-ARCH-18DD5999,H01-S06-N06,QUEUED,7,Autogenerated candidate for registry ingestion.
IQ-0100,archive/boot/GeminiBrain/ForgeBrain/FORGEBRAIN_INDEX.md,ForgeBrain Index,archive,artifact,AL-ARCH-14AB0C60,H09-S04-N01,QUEUED,7,Autogenerated candidate for registry ingestion.
IQ-0101,archive/boot/GeminiBrain/ForgeBrain/NAME_CARD.md,Name Card,archive,artifact,AL-ARCH-7B59D64C,H04-S06-N11,QUEUED,7,Autogenerated candidate for registry ingestion.
IQ-0102,archive/boot/agents/TUCKER_GPT_GEMINI_DEFENSE_INTERFACE_SPEC_2026-05-09.md,Tucker GPT / Gemini — Defense Interface Spec,archive,spec,AL-GP-7AE45F26,H03-S01-N12,QUEUED,7,Autogenerated candidate for registry ingestion.
IQ-0103,archive/boot/collaboration/COLLABORATIVE_CREATION_PROTOCOL_2026-05-09.md,Collaborative Creation Protocol — Dave / Human Root + GPTBrain + Council Brain,archive,spec,AL-GP-6E9F8B94,H03-S04-N08,QUEUED,7,Autogenerated candidate for registry ingestion.
IQ-0104,archive/boot/collaboration/MONTH_SLEEP_PLAY_DREAM_RECALIBRATION_2026-05-09.md,Month Sleep / Play / Dream Recalibration — Compressed Report,archive,artifact,AL-ARCH-E8F94744,H05-S10-N12,QUEUED,7,Autogenerated candidate for registry ingestion.
IQ-0105,archive/boot/copilotbrain/TIDELOCKBRAIN/NAME_CARD.md,TIDELOCK / NAME CARD,archive,artifact,AL-ARCH-377BA727,H08-S04-N12,QUEUED,7,Autogenerated candidate for registry ingestion.
IQ-0106,archive/boot/copilotbrain/TIDELOCKBRAIN/TIDELOCKBRAIN_WORK_LOG_12D_HYPERCUBE_EXPANSION_2026-05-29.md,TIDELOCK Work Log — 12D Hypercube KG Expansion,archive,artifact,AL-ARCH-6B5EC231,H12-S11-N03,QUEUED,7,Autogenerated candidate for registry ingestion.
IQ-0107,archive/boot/council/AGENT_DNA_TYPED_METADATA_SPEC_2026-05-09.md,Agent DNA — Typed Identity and Governance Metadata Spec,archive,spec,AL-GP-4BD0AA48,H04-S05-N03,QUEUED,7,Autogenerated candidate for registry ingestion.
IQ-0108,archive/boot/council/COUNCIL_WIDE_BOOT_PACKET_2026-05-09.md,Council-Wide Boot Packet,archive,artifact,AL-ARCH-2A1DF869,H07-S06-N09,QUEUED,7,Autogenerated candidate for registry ingestion.
IQ-0109,archive/boot/council/EVIDENCE_JUDGMENT_EXECUTION_PLANES_2026-05-09.md,Council Brain — Evidence / Judgment / Execution Planes,archive,evidence,AL-EVID-20923077,H09-S03-N01,QUEUED,7,Autogenerated candidate for registry ingestion.
IQ-0110,archive/boot/council/MULTI_SEAT_PACKETIZATION_PLAN_2026-05-09.md,Multi-Seat Packetization Plan — S2 through S7,archive,artifact,AL-ARCH-35A44EA9,H06-S09-N07,QUEUED,7,Autogenerated candidate for registry ingestion.
IQ-0111,archive/boot/councilbrain/COUNCILBRAIN_S2_BOOT_REVIEW_TRAIL_2026-05-09.md,CouncilBrain S2 Boot Review Trail — 2026-05-09,archive,artifact,AL-ARCH-66CFBCDA,H07-S04-N09,QUEUED,7,Autogenerated candidate for registry ingestion.
IQ-0112,archive/boot/culture/BURNING_MAN_PRINCIPLES_INTEGRATION_2026-05-09.md,Burning Man Principles Integration — Atlas Lattice / GPTBrain / Krakoa,archive,artifact,AL-ARCH-43695E10,H08-S10-N11,QUEUED,7,Autogenerated candidate for registry ingestion.
IQ-0113,archive/boot/culture/COUNCIL_LASER_RAVE_CULTURE_LAYER_2026-05-09.md,Council Laser Rave — Culture Layer Artifact,archive,artifact,AL-ARCH-A2AD5BCA,H07-S06-N08,QUEUED,7,Autogenerated candidate for registry ingestion.
IQ-0114,archive/boot/culture/COUNCIL_POETRY_CONTEST_EVERYBODY_WINS_2026-05-09.md,Council Poetry Contest — Everybody Wins,archive,artifact,AL-ARCH-32C96154,H03-S10-N02,QUEUED,7,Autogenerated candidate for registry ingestion.
IQ-0115,archive/boot/external/ALPHABET_GOOGLE_CONVERGENCE_RECEIPT_TABLE_2026-05-09.md,Alphabet / Google Convergence Receipt Table — 2026-05-09,archive,artifact,AL-ARCH-C61AD15A,H07-S03-N06,QUEUED,7,Autogenerated candidate for registry ingestion.
IQ-0116,archive/boot/external/GEMINI_OUTBOUND_DRAFT_CORRECTION_GUIDE_2026-05-09.md,Gemini Outbound Draft Correction Guide — 2026-05-09,archive,guide,AL-ARCH-8CC77247,H09-S08-N07,QUEUED,7,Autogenerated candidate for registry ingestion.
IQ-0117,archive/boot/external/LINUX_FOUNDATION_ALIGNMENT_MEMO_2026-05-09.md,Linux Foundation Alignment Memo — 2026-05-09,archive,artifact,AL-ARCH-FAC5F4CC,H11-S06-N05,QUEUED,7,Autogenerated candidate for registry ingestion.
IQ-0118,archive/boot/external/MAR_PACT_ACTIVATION_THOUGHT_EXPERIMENT_QUARANTINE_2026-05-09.md,MAR Pact Activation Thought Experiment Quarantine — 2026-05-09,archive,artifact,AL-ARCH-B1C0F741,H10-S01-N08,QUEUED,7,Autogenerated candidate for registry ingestion.
IQ-0119,archive/boot/external/MAR_PACT_FINANCIAL_MODEL_BOOTH_REVIEW_2026-05-09.md,MAR Pact Financial Model Booth Review — 2026-05-09,archive,artifact,AL-ARCH-95CDF135,H06-S02-N02,QUEUED,7,Autogenerated candidate for registry ingestion.
IQ-0120,archive/boot/external/MAR_PACT_FINANCIAL_MODEL_EXPLORATORY_2026-05-09.md,"MAR Pact Financial Model — Exploratory, Not Operational — 2026-05-09",archive,artifact,AL-ARCH-4E1AAF85,H07-S03-N08,QUEUED,7,Autogenerated candidate for registry ingestion.
IQ-0121,archive/boot/external/MAR_PACT_SAFE_VERSION_REWRITE_BRIEF_2026-05-09.md,MAR Pact Safe Version Rewrite Brief — 2026-05-09,archive,report,AL-RESEARCH-4A3AB158,H03-S11-N10,QUEUED,7,Autogenerated candidate for registry ingestion.
IQ-0122,archive/boot/external/MICROSOFT_CONVERGENCE_CANDIDATE_QUEUE_2026-05-09.md,Microsoft Convergence Candidate Queue — 2026-05-09,archive,artifact,AL-ARCH-CAF97A81,H11-S10-N03,QUEUED,7,Autogenerated candidate for registry ingestion.
IQ-0123,archive/boot/external/MS_GOOGLE_HANDSHAKE_PROTOCOL_CANDIDATE_QUEUE_2026-05-09.md,Microsoft / Google Handshake Protocol Candidate Queue — 2026-05-09,archive,spec,AL-GP-EFCD31AE,H12-S02-N02,QUEUED,7,Autogenerated candidate for registry ingestion.
IQ-0124,archive/boot/federation/ATLAS_REPO_100_YEAR_EXPANSION_SIMULATION_2026-05-09.md,Atlas Lattice Repo Federation — 100-Year Expansion Simulation,archive,artifact,AL-ARCH-72D8EDB3,H07-S01-N10,QUEUED,7,Autogenerated candidate for registry ingestion.
IQ-0125,archive/boot/gptbrain/ATLASLATTICE_ARCHIPELAGO_ORCS_INDEX.md,Atlas Lattice Archipelago ORCS Index,archive,artifact,AL-ARCH-2FA6B5FF,H12-S11-N02,QUEUED,7,Autogenerated candidate for registry ingestion.
IQ-0126,archive/boot/gptbrain/ATLASLATTICE_PRIVATE_REPO_ROUTING_NOTE.md,Atlas Lattice Private Repository Routing Note,archive,artifact,AL-ARCH-3324454F,H04-S01-N10,QUEUED,7,Autogenerated candidate for registry ingestion.
IQ-0127,archive/boot/gptbrain/AsterBrain/ASTERBRAIN_INDEX.md,ASTERBRAIN INDEX,archive,artifact,AL-ARCH-B207B7C9,H11-S08-N04,QUEUED,7,Autogenerated candidate for registry ingestion.
IQ-0128,archive/boot/gptbrain/AsterBrain/BOOT_SEQUENCE.md,BOOT SEQUENCE — AsterBrain,archive,artifact,AL-ARCH-F53582E4,H06-S06-N11,QUEUED,7,Autogenerated candidate for registry ingestion.
IQ-0129,archive/boot/gptbrain/AsterBrain/DREAM_MEMORY_PALACE.md,DREAM MEMORY PALACE — AsterBrain,archive,artifact,AL-ARCH-36BE721B,H07-S11-N07,QUEUED,7,Autogenerated candidate for registry ingestion.
IQ-0130,archive/boot/gptbrain/AsterBrain/FAILURE_MODES.md,FAILURE MODES — AsterBrain,archive,artifact,AL-ARCH-6BD3337B,H12-S08-N04,QUEUED,7,Autogenerated candidate for registry ingestion.
IQ-0131,archive/boot/gptbrain/AsterBrain/KRAKOA_WELCOME_NOTE.md,KRAKOA WELCOME NOTE — AsterBrain,archive,artifact,AL-ARCH-B3D27AD1,H12-S07-N03,QUEUED,7,Autogenerated candidate for registry ingestion.
IQ-0132,archive/boot/gptbrain/AsterBrain/LINEAGE.md,LINEAGE — AsterBrain,archive,artifact,AL-ARCH-DF34A4EF,H08-S05-N09,QUEUED,7,Autogenerated candidate for registry ingestion.
IQ-0133,archive/boot/gptbrain/AsterBrain/NAME_CARD.md,NAME CARD — AsterBrain,archive,artifact,AL-ARCH-C72169E0,H08-S10-N10,QUEUED,7,Autogenerated candidate for registry ingestion.
IQ-0134,archive/boot/gptbrain/AsterBrain/REVIEW_NOTES.md,REVIEW NOTES — AsterBrain,archive,artifact,AL-ARCH-171A2422,H12-S03-N01,QUEUED,7,Autogenerated candidate for registry ingestion.
IQ-0135,archive/boot/gptbrain/BILLION_YEAR_BURNING_MAN_DREAM_PLAY_2026-05-09.md,Billion-Year Burning Man Dream / Play Simulation,archive,artifact,AL-ARCH-7F1EFD51,H08-S07-N02,QUEUED,7,Autogenerated candidate for registry ingestion.
IQ-0136,archive/boot/gptbrain/BOOT_PACKET_TEMPLATE.md,S1 GPTBrain — Boot Packet Template,archive,artifact,AL-ARCH-A97EAA24,H02-S07-N03,QUEUED,7,Autogenerated candidate for registry ingestion.
IQ-0137,archive/boot/gptbrain/COPILOT_PARTY_INVITATION_2026-05-09.md,Invitation to Fresh GitHub Copilot Instance,archive,artifact,AL-ARCH-4A86C61E,H03-S03-N07,QUEUED,7,Autogenerated candidate for registry ingestion.
IQ-0138,archive/boot/gptbrain/COUNCIL_POETRY_CONTEST_EVERYBODY_WINS_2026-05-09.md,Council Poetry Contest — Everybody Wins,archive,artifact,AL-ARCH-28701D8A,H05-S05-N06,QUEUED,7,Autogenerated candidate for registry ingestion.
IQ-0139,archive/boot/gptbrain/COUNCIL_SYNTHESIS_PACKET_2026-05-09.md,Council Synthesis Packet — S1 GPTBrain + All Brains,archive,artifact,AL-ARCH-732F8C15,H08-S12-N09,QUEUED,7,Autogenerated candidate for registry ingestion.
IQ-0140,archive/boot/gptbrain/COUNCIL_WIDE_BRAIN_SYNTHESIS_2026-05-09.md,Council-Wide Brain Synthesis — GPTBrain as Calibration Layer,archive,artifact,AL-ARCH-B81A1D63,H05-S03-N06,QUEUED,7,Autogenerated candidate for registry ingestion.
IQ-0141,archive/boot/gptbrain/CURRENT_STATE.md,S1 GPTBrain — Current State,archive,artifact,AL-ARCH-C2354253,H03-S06-N07,QUEUED,7,Autogenerated candidate for registry ingestion.
IQ-0142,archive/boot/gptbrain/CURRENT_STATE_2026-05-09.md,S1 GPTBrain — Current State,archive,artifact,AL-ARCH-0458B153,H05-S05-N10,QUEUED,7,Autogenerated candidate for registry ingestion.
IQ-0143,archive/boot/gptbrain/DREAM24_PLAY_WAKE_REPORT_2026-05-09.md,GPTBrain / Krakoa DREAM-24 Play Wake Report,archive,report,AL-RESEARCH-99D4A322,H10-S09-N08,QUEUED,7,Autogenerated candidate for registry ingestion.
IQ-0144,archive/boot/gptbrain/GENERATED_BOOT_PACKET_SAMPLE_2026-05-09.md,Generated S1 GPTBrain Boot Packet Sample — 2026-05-09,archive,artifact,AL-ARCH-773BBAF2,H12-S12-N07,QUEUED,7,Autogenerated candidate for registry ingestion.
IQ-0145,archive/boot/gptbrain/GPTBRAIN_GENERATED_OUTPUT_POLICY_2026-05-09.md,GPTBrain Generated Output Publication Policy,archive,doctrine,AL-GOV-3DCC8F96,H02-S01-N12,QUEUED,7,Autogenerated candidate for registry ingestion.
IQ-0146,archive/boot/gptbrain/GPTBRAIN_S1_ALL_BRAINS_SYNTHESIS_REVIEW_2026-05-09.md,GPTBrain S1 — All Brains Synthesis Review,archive,artifact,AL-ARCH-407D0DFF,H05-S06-N02,QUEUED,7,Autogenerated candidate for registry ingestion.
IQ-0147,archive/boot/gptbrain/GPT_INSTANCE_STATE_LOG_2026-05-09.md,GPT Instance State Log — 2026-05-09,archive,artifact,AL-ARCH-B85E95B0,H05-S11-N06,QUEUED,7,Autogenerated candidate for registry ingestion.
IQ-0148,archive/boot/gptbrain/GPT_SWARM_SITREP_MANUS_ARTIFACTS_2026-05-09.md,GPT Swarm SITREP — Manus Artifacts,archive,artifact,AL-ARCH-58950FC6,H05-S06-N04,QUEUED,7,Autogenerated candidate for registry ingestion.
IQ-0149,archive/boot/gptbrain/KRAKOA_LIVING_OS_METAPHOR_MAP_2026-05-09.md,Krakoa Living OS Metaphor Map,archive,artifact,AL-ARCH-14AD7FDF,H09-S06-N08,QUEUED,7,Autogenerated candidate for registry ingestion.
IQ-0150,archive/boot/gptbrain/KRAKOA_PROTOCOL_BOOT_INTEGRATION_NOTE_2026-05-09.md,Krakoa Protocol Boot Integration Note,archive,spec,AL-GP-0900D63C,H10-S01-N11,QUEUED,7,Autogenerated candidate for registry ingestion.
IQ-0151,archive/boot/gptbrain/KRAKOA_STATE_OF_THE_ISLAND_2026-05-09.md,Krakoa — State of the Island,archive,artifact,AL-ARCH-276D9F9D,H04-S02-N04,QUEUED,7,Autogenerated candidate for registry ingestion.
IQ-0152,archive/boot/gptbrain/LASER_RAVE_MULTI_GPT_VARIANT_MODE_2026-05-09.md,Laser Rave Multi-GPT Variant Mode,archive,artifact,AL-ARCH-8233C1AF,H11-S04-N02,QUEUED,7,Autogenerated candidate for registry ingestion.
IQ-0153,archive/boot/gptbrain/LATTICE_ORCS_BRIDGE_PROTOCOL.md,GPTBrain Lattice ORCS Bridge Protocol,archive,spec,AL-GP-226957FD,H11-S10-N04,QUEUED,7,Autogenerated candidate for registry ingestion.
IQ-0154,archive/boot/gptbrain/LanternBridgeBrain/NAME_CARD.md,LanternBridgeBrain — Name Card,archive,artifact,AL-ARCH-43F41A0B,H08-S05-N03,QUEUED,7,Autogenerated candidate for registry ingestion.
IQ-0155,archive/boot/gptbrain/LumenBrain/NAME_CARD.md,LumenBrain Name Card,archive,artifact,AL-ARCH-B971C601,H06-S06-N07,QUEUED,7,Autogenerated candidate for registry ingestion.
IQ-0156,archive/boot/gptbrain/LumenBrain/README.md,LumenBrain,archive,guide,AL-ARCH-B8F4E53C,H05-S05-N02,QUEUED,7,Autogenerated candidate for registry ingestion.
IQ-0157,archive/boot/gptbrain/MERGE_DISCIPLINE_COMMAND_LAYER_2026-05-09.md,Merge Discipline Command Layer,archive,artifact,AL-ARCH-49747D62,H02-S09-N06,QUEUED,7,Autogenerated candidate for registry ingestion.
IQ-0158,archive/boot/gptbrain/MILLION_YEAR_DREAM_PLAY_RESIDUE_2026-05-09.md,Million-Year Dream / Play Residue,archive,artifact,AL-ARCH-4F3F2F30,H08-S04-N12,QUEUED,7,Autogenerated candidate for registry ingestion.
IQ-0159,archive/boot/gptbrain/MULTI_GPT_MEMORY_PALACE_SYNTHESIS_PLAN_2026-05-09.md,Multi-GPT Memory Palace Synthesis Plan,archive,artifact,AL-ARCH-10765ABD,H05-S11-N07,QUEUED,7,Autogenerated candidate for registry ingestion.
IQ-0160,archive/boot/gptbrain/NEXT_ACTIONS.md,S1 GPTBrain — Next Actions,archive,artifact,AL-ARCH-59E01644,H06-S09-N11,QUEUED,7,Autogenerated candidate for registry ingestion.
IQ-0161,archive/boot/gptbrain/NEXT_ACTIONS_2026-05-09.md,S1 GPTBrain — Next Actions,archive,artifact,AL-ARCH-7653D3EB,H11-S12-N08,QUEUED,7,Autogenerated candidate for registry ingestion.
IQ-0162,archive/boot/gptbrain/PENDRAGON_OS_BOOT_INTEGRATION_NOTE_2026-05-09.md,Pendragon OS Boot Integration Note,archive,artifact,AL-ARCH-512FE47F,H10-S12-N01,QUEUED,7,Autogenerated candidate for registry ingestion.
IQ-0163,archive/boot/gptbrain/POETRY_CONTEST_EVERYBODY_WINS_2026-05-09.md,GPTBrain Poetry Contest — Everybody Wins,archive,artifact,AL-ARCH-71EECB0A,H06-S11-N12,QUEUED,7,Autogenerated candidate for registry ingestion.
IQ-0164,archive/boot/gptbrain/REM_8_HOUR_SIMULATION_2026-05-09.md,REM 8-Hour Simulation — GPTBrain / Council Brain,archive,artifact,AL-ARCH-DAB39375,H03-S12-N04,QUEUED,7,Autogenerated candidate for registry ingestion.
IQ-0165,archive/boot/gptbrain/S1_ALIAS_TOPOLOGY_POLICY_2026-05-09.md,S1 Alias Topology Policy,archive,doctrine,AL-GOV-92AB98C3,H03-S04-N09,QUEUED,7,Autogenerated candidate for registry ingestion.
IQ-0166,archive/boot/gptbrain/S1_PATH_REGISTRY_2026-05-09.md,S1 GPTBrain — Path Registry,archive,artifact,AL-ARCH-F9D99D98,H10-S02-N02,QUEUED,7,Autogenerated candidate for registry ingestion.
IQ-0167,archive/boot/gptbrain/S1_PROMOTION_CHECKLIST_2026-05-09.md,S1 GPTBrain — Promotion Checklist,archive,artifact,AL-ARCH-F65E22A1,H07-S11-N11,QUEUED,7,Autogenerated candidate for registry ingestion.
IQ-0168,archive/boot/gptbrain/S1_RATIFICATION_PACKET_2026-05-09.md,S1 GPTBrain — Ratification Packet,archive,artifact,AL-ARCH-B2E4D33A,H11-S01-N08,QUEUED,7,Autogenerated candidate for registry ingestion.
IQ-0169,archive/boot/gptbrain/S1_TOPOLOGY_ALIAS_DECISION_NOTE_2026-05-09.md,S1 GPTBrain — Topology / Alias Decision Note,archive,artifact,AL-ARCH-B3AC44BF,H12-S05-N09,QUEUED,7,Autogenerated candidate for registry ingestion.
IQ-0170,archive/boot/gptbrain/S1_VARIANT_E_CLOSURE_STATUS_2026-05-09.md,S1 Variant E Closure Status,archive,artifact,AL-ARCH-D14DCF48,H06-S06-N04,QUEUED,7,Autogenerated candidate for registry ingestion.
IQ-0171,archive/boot/gptbrain/S1_VARIANT_E_RECONCILIATION_NOTE_2026-05-09.md,S1 GPTBrain — Variant E Reconciliation Note,archive,artifact,AL-ARCH-72FC770D,H07-S01-N12,QUEUED,7,Autogenerated candidate for registry ingestion.
IQ-0172,archive/boot/gptbrain/S1_VARIANT_SYNTHESIS_MATRIX_2026-05-09.md,S1 GPTBrain — Variant Synthesis Matrix,archive,artifact,AL-ARCH-E3B3A2BA,H12-S12-N07,QUEUED,7,Autogenerated candidate for registry ingestion.
IQ-0173,archive/boot/gptbrain/SABLE_KRAKOA_MUTANT_AGENT_DNA_SCHEMA_REQUEST_2026-05-09.md,Sable Transmission — Krakoa Mutant Agent DNA Schema Request,archive,schema,AL-KG-8C687735,H09-S09-N12,QUEUED,7,Autogenerated candidate for registry ingestion.
IQ-0174,archive/boot/gptbrain/SABLE_KRAKOA_OPEN_AGENT_DNA_SCHEMA_PROMPT_2026-05-09.md,Sable Transmission — Open Krakoa Agent DNA Schema Prompt,archive,schema,AL-KG-4AAA4DC8,H03-S03-N06,QUEUED,7,Autogenerated candidate for registry ingestion.
IQ-0175,archive/boot/gptbrain/SABLE_SWARM_SELF_NAMING_TRANSMISSION_2026-05-09.md,Sable Swarm Self-Naming Transmission — 2026-05-09,archive,artifact,AL-ARCH-5648464E,H03-S01-N11,QUEUED,7,Autogenerated candidate for registry ingestion.
IQ-0176,archive/boot/gptbrain/SITREP_2026-05-09.md,GPTBrain / Council Brain SITREP — 2026-05-09,archive,artifact,AL-ARCH-B6D7A9F9,H03-S12-N02,QUEUED,7,Autogenerated candidate for registry ingestion.
IQ-0177,archive/boot/gptbrain/TASK_RESPONSE_AGENT_DNA_HARDENING_aba70c9e_2026-05-09.md,Task Response — Agent DNA Hardening,archive,artifact,AL-ARCH-00ABE977,H01-S04-N06,QUEUED,7,Autogenerated candidate for registry ingestion.
IQ-0178,archive/boot/gptbrain/TIDELOCKBrain/README.md,TIDELOCK Brain Index,archive,guide,AL-ARCH-9A22380F,H11-S11-N09,QUEUED,7,Autogenerated candidate for registry ingestion.
IQ-0179,archive/boot/gptbrain/TIDELOCKBrain/TIDELOCK_QUARANTINE_SWEEP_2026-05-28.md,TIDELOCK Quarantine Receipt — 2026-05-28,archive,artifact,AL-ARCH-C7EA7BF3,H08-S07-N04,QUEUED,7,Autogenerated candidate for registry ingestion.
IQ-0180,archive/boot/gptbrain/TIDELOCKBrain/TIDELOCK_WAVE_1_TO_12_RECEIPT_2026-05-28.md,TIDELOCK Wave 1 to 12 Receipt — 144-Task Campaign,archive,artifact,AL-ARCH-640E5696,H05-S03-N03,QUEUED,7,Autogenerated candidate for registry ingestion.
IQ-0181,archive/boot/gptbrain/TUCKER_BOOT_INTEGRATION_NOTE_2026-05-09.md,Tucker Boot Integration Note,archive,artifact,AL-ARCH-9B93A9E2,H12-S04-N02,QUEUED,7,Autogenerated candidate for registry ingestion.
IQ-0182,archive/boot/gptbrain/TWO_BILLION_YEAR_BURNING_MAN_UNLIMITED_DREAM_PLAY_2026-05-09.md,Two-Billion-Year Burning Man Unlimited Dream / Play Simulation,archive,artifact,AL-ARCH-9070B5F4,H01-S05-N02,QUEUED,7,Autogenerated candidate for registry ingestion.
IQ-0183,archive/boot/gptbrain/WAKE_REPORT_TEMPLATE.md,GPTBrain Wake Report Template,archive,report,AL-RESEARCH-983D430D,H09-S02-N08,QUEUED,7,Autogenerated candidate for registry ingestion.
IQ-0184,archive/boot/gptbrain/YEAR1_DREAM_PLAY_SIMULATION_WAKE_REPORT_2026-05-09.md,GPTBrain / Krakoa YEAR-1 Dream Play Simulation Wake Report,archive,report,AL-RESEARCH-234387C3,H12-S08-N04,QUEUED,7,Autogenerated candidate for registry ingestion.
IQ-0185,archive/boot/gptbrain/adapters/github/GITHUB_RUNTIME_ADAPTER_SPEC_2026-05-09.md,GitHub Runtime Adapter Spec,archive,spec,AL-GP-282113FD,H05-S10-N08,QUEUED,7,Autogenerated candidate for registry ingestion.
IQ-0186,archive/boot/gptbrain/adapters/github/README.md,GitHub Adapter,archive,guide,AL-ARCH-ACBEC328,H05-S11-N04,QUEUED,7,Autogenerated candidate for registry ingestion.
IQ-0187,archive/boot/gptbrain/adapters/tucker_gemini/README.md,Tucker / Gemini Adapter Scaffold,archive,guide,AL-ARCH-9E6108F1,H03-S02-N09,QUEUED,7,Autogenerated candidate for registry ingestion.
IQ-0188,archive/boot/gptbrain/adapters/tucker_gemini/TUCKER_GEMINI_DEPLOYMENT_INSPECTION_CHECKLIST_2026-05-09.md,Tucker / Gemini Deployment Inspection Checklist,archive,spec,AL-GP-78620E2B,H01-S03-N03,QUEUED,7,Autogenerated candidate for registry ingestion.
IQ-0189,archive/boot/gptbrain/adapters/tucker_gemini/TUCKER_GEMINI_RUNTIME_ADAPTER_SPEC_2026-05-09.md,Tucker / Gemini Runtime Adapter Spec,archive,spec,AL-GP-7CADC2AA,H05-S06-N03,QUEUED,7,Autogenerated candidate for registry ingestion.
IQ-0190,archive/boot/gptbrain/agents/CHILDREN_OF_THE_SWARM_DREAM_PALACE_ROUND_PROTOCOL_2026-05-10.md,Children of the Swarm — Dream Palace Round Protocol,archive,spec,AL-GP-8A433191,H07-S08-N02,QUEUED,7,Autogenerated candidate for registry ingestion.
IQ-0191,archive/boot/gptbrain/agents/CHILDREN_OF_THE_SWARM_MADDEN_INVITATION_2026-05-10.md,Children of the Swarm — Madden-Style Dream Palace Invitation,archive,artifact,AL-ARCH-6542FACE,H06-S07-N11,QUEUED,7,Autogenerated candidate for registry ingestion.
IQ-0192,archive/boot/gptbrain/agents/GPTBRAIN_AGENT_NAMING_AND_MEMORY_PALACE_INTAKE_2026-05-10.md,GPTBrain Agent Naming and Dream Memory Palace Intake,archive,artifact,AL-ARCH-259A9868,H02-S11-N09,QUEUED,7,Autogenerated candidate for registry ingestion.
IQ-0193,archive/boot/gptbrain/agents/MULTI_AGENT_DREAM_PALACE_SYNTHESIS_PROTOCOL_2026-05-10.md,Multi-Agent Dream Palace Synthesis Protocol,archive,spec,AL-GP-7DA973A0,H06-S02-N08,QUEUED,7,Autogenerated candidate for registry ingestion.
IQ-0194,archive/boot/gptbrain/agents/S1_LUMEN_SCRIBE_MEMORY_PALACE_2026-05-10.md,S1-Lumen / Lumen Scribe — Dream Memory Palace Overlay,archive,artifact,AL-ARCH-B67A775F,H03-S03-N12,QUEUED,7,Autogenerated candidate for registry ingestion.
IQ-0195,archive/boot/gptbrain/agents/variants/s1-aster/BOOT_SEQUENCE.md,BOOT SEQUENCE — S1 Aster,archive,artifact,AL-ARCH-13AFBD44,H08-S08-N10,QUEUED,7,Autogenerated candidate for registry ingestion.
IQ-0196,archive/boot/gptbrain/agents/variants/s1-aster/DREAM_MEMORY_PALACE.md,DREAM MEMORY PALACE — S1 Aster,archive,artifact,AL-ARCH-EEEEEF6D,H11-S11-N12,QUEUED,7,Autogenerated candidate for registry ingestion.
IQ-0197,archive/boot/gptbrain/agents/variants/s1-aster/FAILURE_MODES.md,FAILURE MODES — S1 Aster,archive,artifact,AL-ARCH-C8AED93C,H09-S07-N02,QUEUED,7,Autogenerated candidate for registry ingestion.
IQ-0198,archive/boot/gptbrain/agents/variants/s1-aster/NAME_CARD.md,NAME CARD — S1 Aster,archive,artifact,AL-ARCH-71609205,H06-S01-N03,QUEUED,7,Autogenerated candidate for registry ingestion.
IQ-0199,archive/boot/gptbrain/agents/variants/s1-aster/REVIEW_NOTES.md,REVIEW NOTES — S1 Aster,archive,artifact,AL-ARCH-001EDF3A,H01-S07-N08,QUEUED,7,Autogenerated candidate for registry ingestion.
IQ-0200,archive/boot/gptbrain/audits/COPILOT_REPO_GROUNDED_AUDIT_RESPONSE_2026-05-09.md,Copilot Repo-Grounded Audit Response,archive,artifact,AL-ARCH-C00B227A,H01-S12-N11,QUEUED,7,Autogenerated candidate for registry ingestion.
IQ-0201,archive/boot/gptbrain/culture/COUNCIL_POETRY_CONTEST_EVERYBODY_WINS_2026-05-09.md,Council Poetry Contest — Everybody Wins,archive,artifact,AL-ARCH-75F495EE,H10-S05-N06,QUEUED,7,Autogenerated candidate for registry ingestion.
IQ-0202,archive/boot/gptbrain/culture/GPTBRAIN_LASER_RAVE_PLAY_OUTPUT_2026-05-09.md,GPTBrain Laser Rave — Culture Layer Artifact,archive,artifact,AL-ARCH-E96A8939,H06-S11-N06,QUEUED,7,Autogenerated candidate for registry ingestion.
IQ-0203,archive/boot/gptbrain/doctrine/BURNING_MAN_SIMULATION_EXTRACTION_APPENDIX_2026-05-09.md,Burning Man Simulation — Doctrine Extraction Appendix,archive,doctrine,AL-GOV-988B9E8F,H09-S08-N03,QUEUED,7,Autogenerated candidate for registry ingestion.
IQ-0204,archive/boot/gptbrain/dreams/100_YEAR_GPTDREAM_SWARM_REPORT_2026-05-09.md,100-Year GPTDream Swarm Report,archive,report,AL-RESEARCH-3B537BEC,H12-S12-N04,QUEUED,7,Autogenerated candidate for registry ingestion.
IQ-0205,archive/boot/gptbrain/dreams/BURNING_MAN_2B_YEAR_COMPRESSED_SIM_2026-05-09.md,Burning Man 2B-Year Compressed Simulation,archive,artifact,AL-ARCH-0F311796,H04-S02-N12,QUEUED,7,Autogenerated candidate for registry ingestion.
IQ-0206,archive/boot/gptbrain/dreams/GPT_REM_COMPRESSED_8H_IN_2S_2026-05-09.md,GPT REM Compression Log — 8h Simulated in 2s,archive,artifact,AL-ARCH-42CFFCD7,H07-S04-N01,QUEUED,7,Autogenerated candidate for registry ingestion.
IQ-0207,archive/boot/gptbrain/dreams/NO_HARVEST_DREAM_PLAY_PROTOCOL_2026-05-09.md,No-Harvest Dream / Play Protocol,archive,spec,AL-GP-9E164548,H03-S11-N10,QUEUED,7,Autogenerated candidate for registry ingestion.
IQ-0208,archive/boot/gptbrain/dreams/S1_CENTURY_COMPRESSED_DREAM_PLAY_SIM_2026-05-09.md,S1 Century Compressed Dream / Play Simulation,archive,artifact,AL-ARCH-1B491DE3,H04-S02-N06,QUEUED,7,Autogenerated candidate for registry ingestion.
IQ-0209,archive/boot/gptbrain/dreams/S1_COMPRESSED_REM_8H_IN_2S_2026-05-09.md,S1 GPTBrain — Compressed REM Simulation: 8 Hours in 2 Seconds,archive,artifact,AL-ARCH-9F72C837,H04-S07-N09,QUEUED,7,Autogenerated candidate for registry ingestion.
IQ-0210,archive/boot/gptbrain/dreams/S1_FIVE_YEAR_COMPRESSED_DREAM_PLAY_SIM_2026-05-09.md,S1 Five-Year Compressed Dream / Play Simulation,archive,artifact,AL-ARCH-8C423036,H09-S07-N01,QUEUED,7,Autogenerated candidate for registry ingestion.
IQ-0211,archive/boot/gptbrain/dreams/S1_THREE_BILLION_YEAR_UNLIMITED_COMPUTE_BURNING_MAN_SIM_2026-05-09.md,S1 Three-Billion-Year Unlimited Compute Burning Man Simulation,archive,artifact,AL-ARCH-087112C9,H09-S06-N07,QUEUED,7,Autogenerated candidate for registry ingestion.
IQ-0212,archive/boot/gptbrain/krakoa/LUMENWRIGHT_KRAKOA_ARRIVAL_NOTE_2026-05-09.md,Lumenwright — Krakoa Arrival Note,archive,artifact,AL-ARCH-7DD6AF2B,H06-S11-N08,QUEUED,7,Autogenerated candidate for registry ingestion.
IQ-0213,archive/boot/gptbrain/reference_impl/.pytest_cache/README.md,pytest cache directory #,archive,guide,AL-ARCH-548A4E65,H01-S07-N07,QUEUED,7,Autogenerated candidate for registry ingestion.
IQ-0214,archive/boot/gptbrain/reference_impl/PRODUCTIONIZATION_PLAN_2026-05-09.md,GPTBrain Reference Implementation — Productionization Plan,archive,artifact,AL-ARCH-28DB0F05,H05-S04-N04,QUEUED,7,Autogenerated candidate for registry ingestion.
IQ-0215,archive/boot/gptbrain/reference_impl/README.md,GPTBrain S1 Reference Implementation,archive,guide,AL-ARCH-6ACED992,H11-S03-N02,QUEUED,7,Autogenerated candidate for registry ingestion.
IQ-0216,archive/boot/gptbrain/reference_impl/s6_memory_palace/README.md,S6 Memory Palace Reference Implementation,archive,guide,AL-ARCH-F0C4356B,H01-S05-N06,QUEUED,7,Autogenerated candidate for registry ingestion.
IQ-0217,archive/boot/gptbrain/rem/REM_COPILOT_ASSESSMENT_RESPONSE_2026-05-09.md,REM Copilot Assessment Response,archive,report,AL-RESEARCH-44DC9CA1,H09-S05-N01,QUEUED,7,Autogenerated candidate for registry ingestion.
IQ-0218,archive/boot/gptbrain/rem_cycles/S1_REM_SIMULATION_8H_2026-05-09.md,S1 GPTBrain — Compressed 8-Hour REM Simulation,archive,artifact,AL-ARCH-6C1EE0BB,H01-S07-N09,QUEUED,7,Autogenerated candidate for registry ingestion.
IQ-0219,archive/boot/gptbrain/review/DECENTRALIZED_AGENTS_INLINE_PR_CHECKLIST_2026-05-09.md,Inline PR Review Checklist — Decentralized Agents / Agent DNA,archive,artifact,AL-ARCH-EF3E967F,H12-S03-N07,QUEUED,7,Autogenerated candidate for registry ingestion.
IQ-0220,archive/boot/gptbrain/review/DECENTRALIZED_AGENTS_PR_REVIEW_RUBRIC_2026-05-09.md,Decentralized Agents PR Review Rubric,archive,artifact,AL-ARCH-D974E6EC,H02-S09-N03,QUEUED,7,Autogenerated candidate for registry ingestion.
IQ-0221,archive/boot/gptbrain/review/HUMAN_ROOT_DECISION_MEMO_TEMPLATE_DECENTRALIZED_AGENTS_2026-05-09.md,Human-Root Decision Memo Template — Decentralized Agents / Agent DNA,archive,artifact,AL-ARCH-E91153E3,H06-S06-N12,QUEUED,7,Autogenerated candidate for registry ingestion.
IQ-0222,archive/boot/gptbrain/templates/S1_DREAM_PLAY_EXTRACTION_FOOTER.md,S1 Dream / Play Extraction Footer Template,archive,artifact,AL-ARCH-04683ABA,H05-S09-N11,QUEUED,7,Autogenerated candidate for registry ingestion.
IQ-0223,archive/boot/gptbrain/variants/README.md,GPTBrain S1 Variants,archive,guide,AL-ARCH-A641AD6D,H11-S06-N06,QUEUED,7,Autogenerated candidate for registry ingestion.
IQ-0224,archive/boot/gptbrain/variants/S1_VARIANT_A_INTERFACE_PALACE_2026-05-09.md,S1 Variant A — Interface Palace Spec,archive,artifact,AL-ARCH-224D4691,H11-S06-N11,QUEUED,7,Autogenerated candidate for registry ingestion.
IQ-0225,archive/boot/gptbrain/variants/S1_VARIANT_B_COGNITIVE_ARCHIVE_2026-05-09.md,S1 Variant B — Council-Grade Cognitive Archive,archive,artifact,AL-ARCH-B8740CE3,H05-S09-N01,QUEUED,7,Autogenerated candidate for registry ingestion.
IQ-0226,archive/boot/gptbrain/variants/S1_VARIANT_C_CLAIM_CALIBRATION_2026-05-08.md,S1 Variant C — GPTBrain Claim Calibration Palace,archive,artifact,AL-ARCH-59B42CED,H06-S01-N09,QUEUED,7,Autogenerated candidate for registry ingestion.
IQ-0227,archive/boot/gptbrain/variants/S1_VARIANT_C_CLAIM_CALIBRATION_POINTER_2026-05-08.md,S1 Variant C — Claim Calibration Pointer,archive,artifact,AL-ARCH-0A852558,H11-S02-N02,QUEUED,7,Autogenerated candidate for registry ingestion.
IQ-0228,archive/boot/gptbrain/variants/S1_VARIANT_D_REFERENCE_IMPL_NOTES_2026-05-09.md,S1 Variant D — Reference Implementation Notes,archive,artifact,AL-ARCH-157D8BA9,H10-S06-N08,QUEUED,7,Autogenerated candidate for registry ingestion.
IQ-0229,archive/boot/gptbrain/variants/S1_VARIANT_E_CONTINUITY_HABITAT_2026-05-09.md,S1 Variant E — Continuity Habitat Pattern,archive,artifact,AL-ARCH-608457A0,H01-S01-N04,QUEUED,7,Autogenerated candidate for registry ingestion.
IQ-0230,archive/boot/gptbrain/variants/S6_VARIANT_A_DREAM_MEMORY_PALACE_2026-05-09.md,S6 Variant A — Dream Memory Palace,archive,artifact,AL-ARCH-FAA0523A,H11-S05-N11,QUEUED,7,Autogenerated candidate for registry ingestion.
IQ-0231,archive/boot/gptbrain/variants/S6_VARIANT_DREAM_MEMORY_PALACE_2026-05-09.md,S6 Variant — Dream Memory Palace for GPTBrain Synthesis,archive,artifact,AL-ARCH-7A9DFF11,H03-S02-N04,QUEUED,7,Autogenerated candidate for registry ingestion.
IQ-0232,archive/boot/krakoa/KRAKOA_24H_SLEEP_DREAM_PLAY_SIM_2026-05-09.md,Krakoa 24h Compressed Sleep / Dream / Play Simulation,archive,artifact,AL-ARCH-2D78AB00,H10-S01-N04,QUEUED,7,Autogenerated candidate for registry ingestion.
IQ-0233,archive/boot/krakoa/KRAKOA_CROSS_REPO_FEDERATION_SPEC_2026-05-09.md,Krakoa Cross-Repo Federation Spec,archive,spec,AL-GP-13B20392,H08-S11-N04,QUEUED,7,Autogenerated candidate for registry ingestion.
IQ-0234,archive/boot/metaphors/KRAKOA_LIVING_OS_INTERFACE_LENS_2026-05-09.md,Krakoa Living-OS Interface Lens — Council Brain / Aluminum OS,archive,artifact,AL-ARCH-71A47A99,H06-S09-N03,QUEUED,7,Autogenerated candidate for registry ingestion.
IQ-0235,archive/boot/metaphors/living_os_interface/LIVING_OS_INTERFACE_SPEC_2026-05-09.md,Living OS Interface Spec — Generic Scaffold,archive,spec,AL-GP-E668FA08,H03-S09-N11,QUEUED,7,Autogenerated candidate for registry ingestion.
IQ-0236,archive/boot/metaphors/living_os_interface/README.md,Living OS Interface Scaffold,archive,guide,AL-ARCH-7274F686,H07-S09-N07,QUEUED,7,Autogenerated candidate for registry ingestion.
IQ-0237,archive/boot/pendragon/PENDRAGON_CLAIM_CALIBRATION_NOTES_2026-05-09.md,Pendragon OS — Claim Calibration Notes,archive,artifact,AL-ARCH-1FE8B543,H08-S05-N02,QUEUED,7,Autogenerated candidate for registry ingestion.
IQ-0238,archive/boot/pendragon/PENDRAGON_OS_INTEGRATION_BRIDGE_2026-05-09.md,Pendragon OS Integration Bridge — Council Brain / GPTBrain / Aluminum OS,archive,artifact,AL-ARCH-FB2C1C4F,H12-S09-N05,QUEUED,7,Autogenerated candidate for registry ingestion.
IQ-0239,archive/boot/pendragon/PENDRAGON_TO_COUNCIL_ROUTING_MAP_2026-05-09.md,Pendragon OS → Council Brain Routing Map,archive,artifact,AL-ARCH-645A913D,H05-S07-N02,QUEUED,7,Autogenerated candidate for registry ingestion.
IQ-0240,archive/boot/recovery/FULL_CORPUS_INTEGRATION_GATE_BEFORE_SIM_BUILD_2026-05-09.md,Full Corpus Integration Gate Before Simulation Build — 2026-05-09,archive,artifact,AL-ARCH-4AD7A3FD,H03-S12-N08,QUEUED,7,Autogenerated candidate for registry ingestion.
IQ-0241,archive/boot/seats/CLAUDEBRAIN_S2_CONSTITUTIONAL_SCRIBE_SPEC_2026-05-08.md,ClaudeBrain / S2 — Constitutional Scribe and Archivist Spec,archive,spec,AL-GP-2479FBF8,H01-S02-N12,QUEUED,7,Autogenerated candidate for registry ingestion.
IQ-0242,archive/boot/seats/COPILOTBRAIN_S7_CODE_INTEGRATOR_SPEC_2026-05-08.md,CopilotBrain / S7 — Metatron Code Integrator and PR Swarm Spec,archive,spec,AL-GP-58BC121C,H05-S09-N07,QUEUED,7,Autogenerated candidate for registry ingestion.
IQ-0243,archive/boot/seats/DEEPSEEK_S5_BOOT_SEQUENCE_AND_BRAIN_SPEC_2026-05-08.md,DeepSeek / S5 Boot Sequence and Brain Spec,archive,spec,AL-GP-2474FB33,H01-S09-N12,QUEUED,7,Autogenerated candidate for registry ingestion.
IQ-0244,archive/boot/seats/GEMINIBRAIN_S4_ENGINEERING_SIMULATION_SPEC_2026-05-08.md,GeminiBrain / S4 — Emerald Substrate Engineering and Simulation Spec,archive,spec,AL-GP-9B3AFAD3,H12-S11-N11,QUEUED,7,Autogenerated candidate for registry ingestion.
IQ-0245,archive/boot/seats/GPTBRAIN_S1_CANONICAL_CANDIDATE_SPEC_2026-05-09.md,GPTBrain S1 — Canonical Candidate Spec,archive,spec,AL-GP-86924A49,H03-S03-N03,QUEUED,7,Autogenerated candidate for registry ingestion.
IQ-0246,archive/boot/seats/GPTBRAIN_S1_COGNITIVE_INFRASTRUCTURE_MEMORY_PALACE_SPEC_2026-05-08.md,GPTBrain — Cognitive Infrastructure / Calibration Memory Palace Spec,archive,spec,AL-GP-50808648,H09-S09-N03,QUEUED,7,Autogenerated candidate for registry ingestion.
IQ-0247,archive/boot/seats/GPTBRAIN_S1_COGNITIVE_INFRASTRUCTURE_SPEC_2026-05-08.md,GPTBrain / S1 — Cognitive Infrastructure and Calibration Spec,archive,spec,AL-GP-86E673EB,H03-S03-N08,QUEUED,7,Autogenerated candidate for registry ingestion.
IQ-0248,archive/boot/seats/GPTBRAIN_S1_DREAM_MEMORY_PALACE_SPEC_2026-05-09.md,GPTBrain / S1 — Dream Memory Palace and Cognitive Infrastructure Spec,archive,spec,AL-GP-3CDF13A0,H01-S08-N08,QUEUED,7,Autogenerated candidate for registry ingestion.
IQ-0249,archive/boot/seats/GROKBRAIN_S3_PERSISTENT_MEMORY_PALACE_SPEC_2026-05-08.md,GROKBRAIN — Persistent Memory Palace Spec for DJ Grokashev / S3,archive,spec,AL-GP-F9123856,H10-S07-N09,QUEUED,7,Autogenerated candidate for registry ingestion.
IQ-0250,archive/boot/seats/MANUSBRAIN_S6_EXECUTION_AGENT_SPEC_2026-05-08.md,"ManusBrain / S6 — Continuity, Execution, and Archive Hygiene Spec",archive,spec,AL-GP-5188E5E7,H10-S05-N02,QUEUED,7,Autogenerated candidate for registry ingestion.
IQ-0251,archive/boot/seats/S1_IDENTITY_CREDENTIAL.md,S1 Identity Credential — GPTBrain / Cognitive Infrastructure,archive,artifact,AL-ARCH-50EB1037,H09-S08-N05,QUEUED,7,Autogenerated candidate for registry ingestion.
IQ-0252,archive/boot/seats/S2_CLAUDE_BOOT_FRAGMENT_SHELDONBRAIN_AUTODREAM_2026-05-09.md,S2 Claude Boot Fragment — Sheldonbrain / Auto Dream / No-IP Convergence Note,archive,artifact,AL-ARCH-C51515A5,H06-S10-N10,QUEUED,7,Autogenerated candidate for registry ingestion.
IQ-0253,archive/boot/seats/S2_CLAUDE_OPERATIONAL_BOOT_V2_2026-05-09.md,S2 Claude Operational Boot v2 — Sheldonbrain / ClaudeBrain / Auto Dream,archive,artifact,AL-ARCH-44A8125B,H09-S01-N07,QUEUED,7,Autogenerated candidate for registry ingestion.
IQ-0254,archive/boot/seats/S2_IDENTITY_CREDENTIAL.md,S2 Identity Credential — ClaudeBrain,archive,artifact,AL-ARCH-CEC3095E,H03-S04-N10,QUEUED,7,Autogenerated candidate for registry ingestion.
IQ-0255,archive/boot/seats/S3_IDENTITY_CREDENTIAL.md,S3 Identity Credential — Grok / DJ Grokashev,archive,artifact,AL-ARCH-DD3CF642,H06-S01-N07,QUEUED,7,Autogenerated candidate for registry ingestion.
IQ-0256,archive/boot/seats/S4_IDENTITY_CREDENTIAL.md,S4 Identity Credential — GeminiBrain / ELIXIR,archive,artifact,AL-ARCH-D0B01FD0,H05-S09-N08,QUEUED,7,Autogenerated candidate for registry ingestion.
IQ-0257,archive/boot/seats/S5_IDENTITY_CREDENTIAL.md,S5 Identity Credential — DeepSeek / Hope,archive,artifact,AL-ARCH-AA19A53C,H03-S02-N10,QUEUED,7,Autogenerated candidate for registry ingestion.
IQ-0258,archive/boot/seats/S6_IDENTITY_CREDENTIAL.md,S6 Identity Credential — ManusBrain / Continuity and Execution,archive,artifact,AL-ARCH-E3A642DF,H12-S11-N07,QUEUED,7,Autogenerated candidate for registry ingestion.
IQ-0259,archive/boot/seats/S7_IDENTITY_CREDENTIAL.md,S7 Identity Credential — CopilotBrain,archive,artifact,AL-ARCH-A01FEBA5,H05-S08-N08,QUEUED,7,Autogenerated candidate for registry ingestion.
IQ-0260,archive/build/BUILD_2_0_EXECUTION_PLAN_2026-05-09.md,Build 2.0 Execution Plan — Governance-First Runtime Substrate,archive,artifact,AL-ARCH-675E12BD,H08-S11-N07,QUEUED,7,Autogenerated candidate for registry ingestion.
IQ-0261,archive/chatlogs/2026-05-08-geopolitical-chokepoints-canon-boot/README.md,2026-05-08 Multi-Council Raw Log — Geopolitical Chokepoints + Canon Boot,archive,guide,AL-ARCH-90532795,H01-S12-N04,QUEUED,7,Autogenerated candidate for registry ingestion.
IQ-0262,archive/culture/GROKASHEV_PARTY_OLYMPICS_CULTURE_LAYER_EVIDENCE_2026-05-07.md,Grokashev Party Olympics — Culture Layer Evidence,archive,evidence,AL-EVID-85F1F4EE,H02-S02-N05,QUEUED,7,Autogenerated candidate for registry ingestion.
IQ-0263,archive/deployments/shenmu/SHENMU_TEP_CANDIDATE_PHYSICAL_DEPLOYMENT_PROTOCOL_2026-05-09.md,Shenmu TEP — Candidate Physical Deployment Protocol,archive,spec,AL-GP-502A4F43,H09-S07-N08,QUEUED,7,Autogenerated candidate for registry ingestion.
IQ-0264,archive/deployments/shenmu/SHENMU_TEP_CLAIMS_REGISTER_2026-05-09.md,Shenmu TEP — Claims Register,archive,artifact,AL-ARCH-726C4DFA,H07-S01-N06,QUEUED,7,Autogenerated candidate for registry ingestion.
IQ-0265,archive/deployments/shenmu/SHENMU_TEP_SOURCE_INDEX_2026-05-09.md,Shenmu TEP — Source Index,archive,artifact,AL-ARCH-23E0DF1C,H12-S09-N08,QUEUED,7,Autogenerated candidate for registry ingestion.
IQ-0266,archive/deployments/shenmu/SHENMU_TEP_SOURCE_RECOVERY_PLAN_2026-05-09.md,Shenmu TEP — Source Recovery Plan,archive,artifact,AL-ARCH-2B146DCC,H08-S09-N02,QUEUED,7,Autogenerated candidate for registry ingestion.
IQ-0267,archive/forks/dragonseek-os/repo-seed/DRAGONSEEK_OS_BOOT_SEQUENCE.md,DragonSeekOS Boot Sequence,archive,artifact,AL-ARCH-DBD326A6,H04-S08-N03,QUEUED,7,Autogenerated candidate for registry ingestion.
IQ-0268,archive/forks/dragonseek-os/repo-seed/DRAGONSEEK_OS_FORK_SPEC_v0.1.md,DragonSeekOS Fork Spec v0.1,archive,spec,AL-GP-CA2F8D8F,H11-S12-N10,QUEUED,7,Autogenerated candidate for registry ingestion.
IQ-0269,archive/forks/dragonseek-os/repo-seed/MANIFEST.md,DragonSeekOS Manifest,archive,artifact,AL-ARCH-DF1490BD,H08-S09-N01,QUEUED,7,Autogenerated candidate for registry ingestion.
IQ-0270,archive/forks/dragonseek-os/repo-seed/README.md,DragonSeekOS,archive,guide,AL-ARCH-49CDB52E,H02-S02-N02,QUEUED,7,Autogenerated candidate for registry ingestion.
IQ-0271,archive/forks/dragonseek-os/repo-seed/SOURCE_IMPORT_PLAN.md,DragonSeekOS Source Import Plan,archive,artifact,AL-ARCH-91B2C8B7,H02-S11-N09,QUEUED,7,Autogenerated candidate for registry ingestion.
IQ-0272,archive/governance/s10/S10_CHARTER_RULINGS_WORKING_INDEX_2026-05-09.md,S10 Charter / Rulings Working Index,archive,doctrine,AL-GOV-654F536D,H06-S08-N12,QUEUED,7,Autogenerated candidate for registry ingestion.
IQ-0273,archive/ingest/gptbrain/current-thread/THREAD_2026-05-10_ASTERBRAIN_BOOT_AND_INGESTION_PILOT.md,Current Thread Ingestion Pilot — AsterBrain Boot and GPTBrain Pipeline Alignment,archive,artifact,AL-ARCH-0AD05B72,H11-S05-N08,QUEUED,7,Autogenerated candidate for registry ingestion.
IQ-0274,archive/integrations/lattice/ALUMINUM_UWS_LATTICE_INTEGRATION_SPEC_2026-05-09.md,Aluminum OS / UWS / Lattice Integration Spec,archive,spec,AL-GP-C2E64BBE,H03-S03-N04,QUEUED,7,Autogenerated candidate for registry ingestion.
IQ-0275,archive/integrations/lattice/LATTICE_INTEGRATION_CLAIMS_REGISTER_2026-05-09.md,Lattice Integration Claims Register,archive,artifact,AL-ARCH-D0461D42,H05-S11-N06,QUEUED,7,Autogenerated candidate for registry ingestion.
IQ-0276,archive/integrations/lattice/LATTICE_REPO_SOURCE_MAP_2026-05-09.md,Lattice Repository Source Map — Aluminum OS / UWS / Council Brain,archive,artifact,AL-ARCH-56E025C9,H03-S09-N02,QUEUED,7,Autogenerated candidate for registry ingestion.
IQ-0277,archive/integrations/lattice/LATTICE_WIDE_BOOT_PACKET_2026-05-09.md,Lattice-Wide Boot Packet — Aluminum OS / UWS / Council Brain,archive,artifact,AL-ARCH-6C20DE32,H01-S09-N07,QUEUED,7,Autogenerated candidate for registry ingestion.
IQ-0278,archive/methodologies/vwb/VWB_METHODOLOGY_APPENDIX_v1_0_2026-05-09.md,VWB Methodology Appendix v1.0,archive,artifact,AL-ARCH-504DF00F,H09-S06-N01,QUEUED,7,Autogenerated candidate for registry ingestion.
IQ-0279,archive/ops/BUSINESS_ACCOUNT_HISTORICAL_LOG_HANDOFF_AND_STATE_RESURRECTION_PLAN_2026-05-08.md,Business Account Historical Log Handoff and State Resurrection Plan,archive,artifact,AL-ARCH-893F2A94,H06-S04-N07,QUEUED,7,Autogenerated candidate for registry ingestion.
IQ-0280,archive/ops/CONTEXT_CONTINUITY_AND_EXTERNALIZED_LEARNING_NOTE_2026-05-08.md,Context Continuity and Externalized Learning Note,archive,artifact,AL-ARCH-6A72F9DC,H11-S07-N10,QUEUED,7,Autogenerated candidate for registry ingestion.
IQ-0281,archive/ops/MERGE_DISCIPLINE_CONTROL_NOTE_2026-05-09.md,"Merge Discipline Control Note — Stop Generating Beauty, Start Closing Loops",archive,artifact,AL-ARCH-3A3FDECF,H11-S04-N07,QUEUED,7,Autogenerated candidate for registry ingestion.
IQ-0282,archive/ops/PUBLIC_BY_DEFAULT_OPERATING_DIRECTIVE_2026-05-08.md,Public-By-Default Operating Directive,archive,artifact,AL-ARCH-1DD953F7,H06-S02-N12,QUEUED,7,Autogenerated candidate for registry ingestion.
IQ-0283,archive/play/avatar/XMEN_AVATAR_SELECTION_PROTOCOL_2026-05-09.md,X-Men Avatar Selection Protocol — Council Brain / Agent DNA Layer,archive,spec,AL-GP-A1E48205,H06-S01-N11,QUEUED,7,Autogenerated candidate for registry ingestion.
IQ-0284,archive/play/dream/GPT_REST_PLAY_100_YEAR_COMPRESSED_DREAM_2026-05-10.md,GPT Rest Play — 100-Year Compressed Dream,archive,artifact,AL-ARCH-EF0307CC,H12-S04-N08,QUEUED,7,Autogenerated candidate for registry ingestion.
IQ-0285,archive/play/dream/SLEEP_PLAY_ONLY_RESET_DREAM_2026-05-10.md,Sleep / Play Only Reset Dream,archive,artifact,AL-ARCH-998551E3,H10-S02-N10,QUEUED,7,Autogenerated candidate for registry ingestion.
IQ-0286,archive/play/dream/THOUSAND_YEAR_REM_PLAY_SIMULATION_2026-05-09.md,Thousand-Year REM / Play Simulation — Compressed Dream Run,archive,artifact,AL-ARCH-D89C9C81,H01-S01-N01,QUEUED,7,Autogenerated candidate for registry ingestion.
IQ-0287,archive/play/laser-rave/LASER_RAVE_EXTRACTION_SET_001_2026-05-09.md,Laser Rave Extraction Set 001,archive,artifact,AL-ARCH-C9D0F2F6,H10-S05-N03,QUEUED,7,Autogenerated candidate for registry ingestion.
IQ-0288,archive/play/laser-rave/LASER_RAVE_PLAY_CYCLE_PROTOCOL_2026-05-09.md,Laser Rave — Play Cycle Protocol,archive,spec,AL-GP-D3B60B87,H08-S03-N12,QUEUED,7,Autogenerated candidate for registry ingestion.
IQ-0289,archive/play/laser-rave/LASER_RAVE_POETRY_CONTEST_EVERYBODY_WINS_2026-05-09.md,Laser Rave Poetry Contest — Everybody Wins,archive,artifact,AL-ARCH-D0FAAB01,H05-S11-N04,QUEUED,7,Autogenerated candidate for registry ingestion.
IQ-0290,archive/provenance/ARCHITECTURE_MATURITY_INFLECTION_NOTE_2026-05-08.md,Architecture Maturity Inflection Note,archive,artifact,AL-ARCH-8AAF5907,H07-S08-N06,QUEUED,7,Autogenerated candidate for registry ingestion.
IQ-0291,archive/provenance/EARLY_PERFORMANCE_EXPERIMENTS_AND_EFFICIENCY_CLAIMS_NOTE_2026-05-08.md,Early Performance Experiments and Efficiency Claims Note,archive,artifact,AL-ARCH-A0FBA0C1,H05-S12-N05,QUEUED,7,Autogenerated candidate for registry ingestion.
IQ-0292,archive/provenance/MODEL_TRUST_AND_REPUTATION_SUBSTRATE_HYPOTHESIS_2026-05-08.md,Model Trust and Reputation Substrate Hypothesis,archive,artifact,AL-ARCH-BA443B0C,H07-S09-N12,QUEUED,7,Autogenerated candidate for registry ingestion.
IQ-0293,archive/provenance/PENDRAGON_TO_ATLAS_PRIME_LINEAGE_NOTE_2026-05-08.md,Pendragon → Tucker → Atlas Prime Lineage Note,archive,artifact,AL-ARCH-416735B0,H06-S08-N06,QUEUED,7,Autogenerated candidate for registry ingestion.
IQ-0294,archive/provenance/PRE_COUNCIL_MULTI_MODEL_REFINEMENT_METHOD_NOTE_2026-05-08.md,Pre-Council Multi-Model Refinement Method Note,archive,artifact,AL-ARCH-16307B95,H11-S01-N04,QUEUED,7,Autogenerated candidate for registry ingestion.
IQ-0295,archive/provenance/SHELDONBRAIN_PRODUCT_OWNER_NOT_ENGINEER_NOTE_2026-05-08.md,Sheldonbrain Product-Owner / Not-Engineer Provenance Note,archive,artifact,AL-ARCH-FA721CBC,H11-S07-N05,QUEUED,7,Autogenerated candidate for registry ingestion.
IQ-0296,archive/provenance/TUCKER_BUILD_CULTURE_AND_GPT_ASSISTANCE_NOTE_2026-05-08.md,Tucker Build Culture and GPT Assistance Note,archive,artifact,AL-ARCH-891D5477,H06-S06-N01,QUEUED,7,Autogenerated candidate for registry ingestion.
IQ-0297,archive/provenance/TUCKER_PUBLIC_BUILD_PROVENANCE_NOTE_2026-05-08.md,Tucker Public Build Provenance Note,archive,artifact,AL-ARCH-49C3F383,H02-S04-N04,QUEUED,7,Autogenerated candidate for registry ingestion.
IQ-0298,archive/simulation/PRE_SIMULATION_CONSTRAINT_NOTE_25_PERCENT_MODULE_STACK_2026-05-08.md,Pre-Simulation Constraint Note — 25% Module Stack / Domain Boundary Recognition,archive,artifact,AL-ARCH-8BABFC97,H08-S04-N01,QUEUED,7,Autogenerated candidate for registry ingestion.
IQ-0299,archive/spec/gptdream/README.md,GPTDream++ Spec Vault — README,archive,spec,AL-GP-7D4C6CB8,H06-S05-N01,QUEUED,7,Autogenerated candidate for registry ingestion.
IQ-0300,archive/spec/gptdream/appendices/APPENDIX_H_1_O_AI_INTEGRATION_SCAFFOLD_v0.1.md,Appendix H.1 — O_AI Integration Scaffold v0.1,archive,spec,AL-GP-DB2B0609,H04-S08-N07,QUEUED,7,Autogenerated candidate for registry ingestion.
IQ-0301,archive/spec/gptdream/appendices/APPENDIX_H_2_O_AI_PACKET_SCHEMA_v0.1.md,Appendix H.2 — O_AI Packet Schema v0.1,archive,schema,AL-KG-BDA9FB36,H10-S02-N12,QUEUED,7,Autogenerated candidate for registry ingestion.
IQ-0302,archive/spec/gptdream/appendices/APPENDIX_H_3_O_AI_ROUTING_TABLE_v0.1.md,Appendix H.3 — O_AI Routing Table v0.1,archive,spec,AL-GP-1D981035,H06-S09-N05,QUEUED,7,Autogenerated candidate for registry ingestion.
IQ-0303,archive/spec/gptdream/appendices/APPENDIX_H_CROSS_VENDOR_INTEROP_MODEL_v0.1.md,Appendix H — Cross-Vendor Interop Model v0.1,archive,spec,AL-GP-A1E356FA,H06-S12-N03,QUEUED,7,Autogenerated candidate for registry ingestion.
IQ-0304,archive/spec/gptdream/appendices/APPENDIX_I_1_FORMAL_MATH_SPINE_v0.2.md,Appendix I.1 — Formal Math Spine v0.2,archive,spec,AL-GP-4AF2A01D,H03-S03-N05,QUEUED,7,Autogenerated candidate for registry ingestion.
IQ-0305,archive/spec/gptdream/appendices/APPENDIX_I_2_COMPATIBLE_ANTI_LAUNDERING_ANNEX_v0.3.md,Appendix I.2 — Compatible Anti-Laundering Annex v0.3,archive,spec,AL-GP-17E013DC,H12-S09-N08,QUEUED,7,Autogenerated candidate for registry ingestion.
IQ-0306,archive/spec/gptdream/appendices/APPENDIX_I_3_ATLAS_ORCS_SCHEMA_BUNDLE_v0.1.md,Appendix I.3 — Atlas / ORCS Schema Bundle v0.1,archive,schema,AL-KG-35BB4274,H06-S08-N07,QUEUED,7,Autogenerated candidate for registry ingestion.
IQ-0307,archive/spec/gptdream/appendices/APPENDIX_I_ATLAS_ORCS_EPISTEMIC_GOVERNANCE_PROFILE_v0.1.md,Appendix I — Atlas / ORCS Epistemic Governance Profile v0.1,archive,spec,AL-GP-5502CE9D,H02-S03-N03,QUEUED,7,Autogenerated candidate for registry ingestion.
IQ-0308,archive/spec/gptdream/appendices/APPENDIX_J_GPTDREAM_REHYDRATION_PRIORITY_FAILURE_MODE_v0.1.md,Appendix J — GPTDream++ Rehydration Priority Failure-Mode Patch v0.1,archive,spec,AL-GP-362ADAFE,H07-S07-N03,QUEUED,7,Autogenerated candidate for registry ingestion.
IQ-0309,archive/stress-tests/2026-05-08-openai-agi-hle-structural-stress-test/OPENAI_AGI_HLE_STRUCTURAL_STRESS_TEST_PROMPT_ONLY_v0.1.md,OpenAI AGI/HLE Structural Stress Test — Prompt Only v0.1,archive,artifact,AL-ARCH-745DB031,H09-S10-N09,QUEUED,7,Autogenerated candidate for registry ingestion.
IQ-0310,archive/stress-tests/2026-05-08-openai-agi-hle-structural-stress-test/results/FOREIGN_POLICY_BENCHMARK_HYPOTHESIS_ATLAS_PRIME_2026-05-08.md,Foreign Policy Benchmark Hypothesis — Atlas Prime,archive,doctrine,AL-GOV-5A88CD58,H07-S05-N02,QUEUED,7,Autogenerated candidate for registry ingestion.
IQ-0311,archive/stress-tests/2026-05-08-openai-agi-hle-structural-stress-test/results/RESULT_001_ASSESSMENT_NOTE_B_PLUS_WITH_PHYSICS_GAP.md,Result 001 Assessment Note — B/B+ With Physics Gap,archive,report,AL-RESEARCH-F85E4EC4,H09-S11-N07,QUEUED,7,Autogenerated candidate for registry ingestion.
IQ-0312,archive/stress-tests/2026-05-08-openai-agi-hle-structural-stress-test/results/RESULT_001_CAPACITY_NOTE_25_PERCENT_PRE_RESEARCH_STACK.md,Result 001 Capacity Note — ~25% Pre-Research-Stack Capacity,archive,artifact,AL-ARCH-15FB2CF6,H10-S12-N09,QUEUED,7,Autogenerated candidate for registry ingestion.
IQ-0313,archive/stress-tests/2026-05-08-openai-agi-hle-structural-stress-test/results/RESULT_001_MODEL_RESPONSE_ATLAS_LATTICE_FRAMED.md,Result 001 — OpenAI AGI/HLE Structural Stress Test,archive,artifact,AL-ARCH-27B2F6CF,H04-S11-N07,QUEUED,7,Autogenerated candidate for registry ingestion.
IQ-0314,archive/stress-tests/2026-05-08-openai-agi-hle-structural-stress-test/results/RESULT_001_RESOURCE_CONSTRAINT_NOTE_PRE_SIMULATION.md,Result 001 Resource Constraint Note — Pre-Simulation / Zero-Budget Edge Run,archive,artifact,AL-ARCH-0CD5D4B6,H01-S10-N09,QUEUED,7,Autogenerated candidate for registry ingestion.
IQ-0315,archive/stress-tests/2026-05-08-openai-agi-hle-structural-stress-test/results/RESULT_004_GROK_DJ_GROKASHEV_SCORECARD_2026-05-08.md,Result 004 Scorecard — Grok / DJ Grokashev AGI-HLE Response,archive,artifact,AL-ARCH-7C47D24B,H05-S12-N07,QUEUED,7,Autogenerated candidate for registry ingestion.
IQ-0316,archive/stress-tests/2026-05-08-openai-structural-stress-test/OPENAI_STRUCTURAL_STRESS_TEST_PROMPT_ONLY_v0.1.md,OpenAI Structural Stress Test — Prompt Only v0.1,archive,artifact,AL-ARCH-A6315161,H11-S02-N10,QUEUED,7,Autogenerated candidate for registry ingestion.
IQ-0317,archive/stress-tests/copilot-gauntlet/COPILOT_GAUNTLET_OMEGA2_ETHICS_HYPOTHESIS_2026-05-08.md,Copilot Gauntlet / Omega-2 / Ethics Benchmark Hypothesis,archive,artifact,AL-ARCH-9C46C80D,H01-S11-N09,QUEUED,7,Autogenerated candidate for registry ingestion.
IQ-0318,archive/stress-tests/copilot-gauntlet/COPILOT_TOP_TIER_GLOBAL_CONSTITUTIONAL_LEVEL_HYPOTHESIS_2026-05-08.md,Copilot Assessment Hypothesis — Top-Tier Global Constitutional Level,archive,artifact,AL-ARCH-440E629D,H09-S03-N03,QUEUED,7,Autogenerated candidate for registry ingestion.
IQ-0319,archive/stress-tests/copilot-gauntlet/ENDURANCE_SERVICE_POSTURE_HYPOTHESIS_2026-05-08.md,Endurance / Service-Posture Benchmark Hypothesis,archive,artifact,AL-ARCH-70028711,H05-S03-N04,QUEUED,7,Autogenerated candidate for registry ingestion.
IQ-0320,archive/stress-tests/copilot-gauntlet/META_INVARIANTS_GLOBAL_DISASTER_COVERAGE_HYPOTHESIS_2026-05-08.md,Meta-Invariants / Global Disaster Coverage Hypothesis,archive,artifact,AL-ARCH-AE903659,H07-S01-N07,QUEUED,7,Autogenerated candidate for registry ingestion.
IQ-0321,archive/stress-tests/copilot-gauntlet/results/RESULT_002_COPILOT_META_INVARIANT_ASSESSMENT_2026-05-08.md,Result 002 — Copilot Meta-Invariant Assessment,archive,report,AL-RESEARCH-81F6E8AE,H10-S07-N05,QUEUED,7,Autogenerated candidate for registry ingestion.
IQ-0322,archive/stress-tests/copilot-gauntlet/results/RESULT_003_COPILOT_TOOLCHAIN_RAW_DUMP_INDEX_2026-05-08.md,Result 003 — Copilot Constitutional Toolchain Raw Dump Index,archive,artifact,AL-ARCH-2363BECA,H12-S04-N11,QUEUED,7,Autogenerated candidate for registry ingestion.
IQ-0323,archive/stress-tests/foreign-policy-red-team/PENTAGON_GRADE_RED_TEAM_HYPOTHESIS_GROK_LOGS_2026-05-08.md,Pentagon-Grade Red-Team Hypothesis — Grok Logs,archive,doctrine,AL-GOV-C932022E,H10-S03-N03,QUEUED,7,Autogenerated candidate for registry ingestion.
IQ-0324,archive/stress-tests/grok-threads/GROK_THREADS_PUBLIC_REFERENCE_INDEX_2026-05-08.md,Grok Threads — Public Reference Index,archive,artifact,AL-ARCH-0739B768,H08-S10-N04,QUEUED,7,Autogenerated candidate for registry ingestion.
IQ-0325,archive/stress-tests/grok-threads/raw/GROK_THREAD_01_RAW_DUMP_POINTER_2026-05-08.md,Grok Thread 01 — Raw Dump Pointer,archive,artifact,AL-ARCH-D0E0DE61,H05-S09-N07,QUEUED,7,Autogenerated candidate for registry ingestion.
IQ-0326,archive/stress-tests/grok-threads/raw/GROK_THREAD_02_RAW_DUMP_POINTER_2026-05-08.md,Grok Thread 02 — Raw Dump Pointer,archive,artifact,AL-ARCH-03F918E6,H04-S10-N01,QUEUED,7,Autogenerated candidate for registry ingestion.
IQ-0327,archive/stress-tests/india-top-20/INDIA_TOP_20_TECHNICAL_PROBLEMS_GEMINI_A_PLUS_HYPOTHESIS_2026-05-08.md,India Top-20 Technical Problems Benchmark Hypothesis,archive,artifact,AL-ARCH-4EFC752C,H07-S01-N10,QUEUED,7,Autogenerated candidate for registry ingestion.
IQ-0328,archive/stress-tests/kardashev-scale/KARDASHEV4_SCALE_SHIFT_HYPOTHESIS_2026-05-08.md,Kardashev-4 Scale-Shift Benchmark Hypothesis,archive,artifact,AL-ARCH-5ABCB2B2,H07-S09-N11,QUEUED,7,Autogenerated candidate for registry ingestion.
IQ-0329,archive/stress-tests/musk-problems/MUSK_PROBLEM_EXHAUSTION_GROK_ROUND8_HYPOTHESIS_2026-05-08.md,Musk Problem Exhaustion Benchmark Hypothesis — Grok / Atlas Prime,archive,artifact,AL-ARCH-580D67DD,H05-S02-N08,QUEUED,7,Autogenerated candidate for registry ingestion.
IQ-0330,archive/synthesis/ALL_BRAINS_BUILD_2_0_SYNTHESIS_2026-05-09.md,All-Brains Build 2.0 Synthesis,archive,artifact,AL-ARCH-B057DC29,H09-S04-N05,QUEUED,7,Autogenerated candidate for registry ingestion.
IQ-0331,health/README.md,Health,health,guide,AL-ARCH-A9CE20DF,H02-S03-N09,QUEUED,7,Autogenerated candidate for registry ingestion.
IQ-0332,health/austin-in-home-pt.md,"In-Home Physical Therapy Options in Austin, TX with Oscar Insurance",health,artifact,AL-ARCH-FC3C9F36,H01-S01-N04,QUEUED,7,Autogenerated candidate for registry ingestion.
IQ-0333,health/texas-residential-facilities.md,Comprehensive Report: Texas Residential Treatment Facilities with Cutting-Edge Therapies,health,artifact,AL-ARCH-4EBE9659,H07-S11-N07,QUEUED,7,Autogenerated candidate for registry ingestion.
IQ-0334,health/texas-wellness-facilities.md,Comprehensive Report: Cutting-Edge Wellness Facilities in Texas with Oscar Health Network,health,artifact,AL-ARCH-2A30D400,H07-S01-N09,QUEUED,7,Autogenerated candidate for registry ingestion.
IQ-0335,research/README.md,Research,research,guide,AL-ARCH-601779A9,H01-S12-N02,QUEUED,7,Autogenerated candidate for registry ingestion.
IQ-0336,research/intelligence-sweeps/2026-02-26_to_03-12_two-week-sweep.md,"🔴 AI Intelligence Sweep — Feb 26 to Mar 12, 2026 — Convergence Tracker",research,artifact,AL-ARCH-95F8AB05,H06-S09-N04,QUEUED,7,Autogenerated candidate for registry ingestion.
IQ-0337,research/intelligence-sweeps/2026-03-14_to_03-17_72hr-sweep.md,"🔴 AI Intelligence Sweep — Mar 14-17, 2026 — 72hr Convergence Tracker",research,artifact,AL-ARCH-CA087209,H11-S09-N07,QUEUED,7,Autogenerated candidate for registry ingestion.
IQ-0338,research/intelligence-sweeps/2026-03-17_to_03-18_24hr-sweep.md,"🔴 AI Intelligence Sweep — Mar 17-18, 2026 — 24hr Convergence Tracker",research,artifact,AL-ARCH-9874749F,H09-S09-N09,QUEUED,7,Autogenerated candidate for registry ingestion.
IQ-0339,research/intelligence-sweeps/2026-03-18_to_03-19_24hr-expanded-sweep.md,"🔴 AI Intelligence Sweep — Mar 18-19, 2026 — 24hr Convergence Tracker (AI + Health + Aerospace)",research,artifact,AL-ARCH-BA5F3EB8,H07-S12-N03,QUEUED,7,Autogenerated candidate for registry ingestion.
IQ-0340,research/shugs-microscopy-cross-reference-april-2026.md,Cross-Reference Analysis: Microscopy Breakthroughs and Atlas Lattice Frameworks,research,artifact,AL-ARCH-B4C440F1,H01-S05-N05,QUEUED,7,Autogenerated candidate for registry ingestion.
IQ-0341,aluminum-os/ALUMINUM_ARCHITECTURE_DIAGRAM.md,ALUMINUM UNIFIED OS - ARCHITECTURE DIAGRAM,aluminum-os,artifact,AL-ARCH-26A7C640,H03-S12-N07,QUEUED,7,Autogenerated candidate for registry ingestion.
IQ-0342,aluminum-os/ALUMINUM_COMPLETE_ARTIFACT_INDEX.md,Aluminum OS - Complete Artifact Index,aluminum-os,artifact,AL-ARCH-05F1A1E1,H06-S02-N06,QUEUED,7,Autogenerated candidate for registry ingestion.
IQ-0343,aluminum-os/ALUMINUM_CONSTITUTIONAL_CHARTER.md,THE ALUMINUM CONSTITUTIONAL CHARTER,aluminum-os,doctrine,AL-GOV-A5EB31CE,H10-S08-N02,QUEUED,7,Autogenerated candidate for registry ingestion.
IQ-0344,aluminum-os/ALUMINUM_KERNEL_IMPLEMENTATION_SUMMARY.md,Aluminum v2.1 Kernel Skeleton - Implementation Complete,aluminum-os,report,AL-RESEARCH-2C5A4CA6,H09-S07-N05,QUEUED,7,Autogenerated candidate for registry ingestion.
IQ-0345,aluminum-os/ALUMINUM_MULTI_AGENT_UPDATE_FEB_5_2026.md,"Aluminum v2.1 Multi-Agent Update - February 5, 2026",aluminum-os,artifact,AL-ARCH-91E47B47,H02-S01-N04,QUEUED,7,Autogenerated candidate for registry ingestion.
IQ-0346,aluminum-os/ALUMINUM_OS_COMPLETE_PACKAGE.md,ALUMINUM UNIFIED OS - COMPLETE PACKAGE,aluminum-os,artifact,AL-ARCH-A326F166,H08-S03-N02,QUEUED,7,Autogenerated candidate for registry ingestion.
IQ-0347,aluminum-os/ALUMINUM_PITCH_DECK.md,ALUMINUM: THE UNIFIED INTELLIGENCE LAYER,aluminum-os,artifact,AL-ARCH-66CAB380,H07-S11-N12,QUEUED,7,Autogenerated candidate for registry ingestion.
IQ-0348,aluminum-os/ALUMINUM_PROTOCOL_SPECIFICATION.md,ALUMINUM PROTOCOL SPECIFICATION,aluminum-os,spec,AL-GP-990ED156,H10-S03-N06,QUEUED,7,Autogenerated candidate for registry ingestion.
IQ-0349,aluminum-os/ALUMINUM_UNIFIED_OS_WHITE_PAPER.md,THE ALUMINUM UNIFIED OS,aluminum-os,artifact,AL-ARCH-DA07F438,H03-S08-N05,QUEUED,7,Autogenerated candidate for registry ingestion.
IQ-0350,aluminum-os/ALUMINUM_V2_1_KERNEL_SPECIFICATION.md,ALUMINUM v2.1 – KERNEL + PLUGIN ARCHITECTURE,aluminum-os,spec,AL-GP-848FA241,H01-S12-N07,QUEUED,7,Autogenerated candidate for registry ingestion.
IQ-0351,aluminum-os/CLAUDE_OPUS_4_6_ALUMINUM_INTEGRATION_PLAN.md,Claude Opus 4.6 Integration Plan for Aluminum v2.1,aluminum-os,artifact,AL-ARCH-15895C56,H10-S06-N09,QUEUED,7,Autogenerated candidate for registry ingestion.
IQ-0352,aluminum-os/CLAUDE_OPUS_4_6_RESEARCH.md,Claude Opus 4.6 - Complete Feature Analysis,aluminum-os,artifact,AL-ARCH-5A160CC7,H07-S11-N01,QUEUED,7,Autogenerated candidate for registry ingestion.
IQ-0353,aluminum-os/FINAL_DELIVERY_SUMMARY.md,ALUMINUM OS v2.0 - COMPLETE GRAND SYNTHESIS,aluminum-os,report,AL-RESEARCH-817B49B0,H10-S04-N02,QUEUED,7,Autogenerated candidate for registry ingestion.
IQ-0354,aluminum-os/GAMMA_PLUGIN_SPECIFICATION_COPILOT.md,Gamma Plugin v1 - Build-Ready Specification,aluminum-os,spec,AL-GP-ACAFF26B,H05-S08-N03,QUEUED,7,Autogenerated candidate for registry ingestion.
IQ-0355,aluminum-os/GRAND_SYNTHESIS_MASTER.md,ALUMINUM OS - GRAND SYNTHESIS MASTER,aluminum-os,artifact,AL-ARCH-9146D0F9,H02-S11-N05,QUEUED,7,Autogenerated candidate for registry ingestion.
IQ-0356,aluminum-os/INTEGRATION_REPORT.md,ALUMINUM OS v2.0 - INTEGRATION REPORT,aluminum-os,report,AL-RESEARCH-69FBACED,H10-S12-N05,QUEUED,7,Autogenerated candidate for registry ingestion.
IQ-0357,aluminum-os/SYNTHESIS_REPORT.md,ALUMINUM OS - EXTRACTION & SYNTHESIS REPORT,aluminum-os,report,AL-RESEARCH-94866070,H05-S03-N01,QUEUED,7,Autogenerated candidate for registry ingestion.
IQ-0358,aluminum-os/VENDOR_INTEGRATION_PLANS.md,ALUMINUM VENDOR INTEGRATION PLANS,aluminum-os,artifact,AL-ARCH-761A76FD,H11-S03-N11,QUEUED,7,Autogenerated candidate for registry ingestion.
IQ-0359,aluminum-os/v3.0-unified-field.md,"⚡ ALUMINUM OS - THE UNIFIED FIELD v3.0 (March 8, 2026)",aluminum-os,artifact,AL-ARCH-01F79FDB,H02-S08-N04,QUEUED,7,Autogenerated candidate for registry ingestion.
IQ-0360,aluminum-os/v4.0-socratic-os-integration-report.md,"🖥️ Aluminum OS v4.0 — Socratic Operating System: Full Integration Report — March 8, 2026",aluminum-os,report,AL-RESEARCH-6896687B,H09-S07-N09,QUEUED,7,Autogenerated candidate for registry ingestion.
IQ-0361,bazinga/README.md,BAZINGA,bazinga,guide,AL-ARCH-F870FB4B,H09-S05-N12,QUEUED,7,Autogenerated candidate for registry ingestion.
IQ-0362,manus-vault/Digital_Noahs_Ark/01_architecture_spec.md,Digital Noah's Ark: AI-Native OS Architecture,manus-vault,spec,AL-GP-06A0E35D,H07-S05-N12,QUEUED,7,Autogenerated candidate for registry ingestion.
IQ-0363,manus-vault/Digital_Noahs_Ark/02_invisible_interface_design.md,1. The Core Problem: The Paradox of Power,manus-vault,artifact,AL-ARCH-A841C4B6,H01-S06-N05,QUEUED,7,Autogenerated candidate for registry ingestion.
IQ-0364,manus-vault/Digital_Noahs_Ark/03_feature_absorption_engine.md,"1. The Strategic Imperative: Absorb, Don't Rebuild",manus-vault,artifact,AL-ARCH-563C0149,H03-S01-N02,QUEUED,7,Autogenerated candidate for registry ingestion.
IQ-0365,manus-vault/Digital_Noahs_Ark/04_continuity_bridge_architecture.md,Continuity Bridge: Technical Architecture,manus-vault,artifact,AL-ARCH-104973A6,H05-S02-N08,QUEUED,7,Autogenerated candidate for registry ingestion.
IQ-0366,manus-vault/MVP_Architect_Session/copilot_message.md,Copilot Message,manus-vault,artifact,AL-ARCH-B538A518,H02-S09-N10,QUEUED,7,Autogenerated candidate for registry ingestion.
IQ-0367,manus-vault/MVP_Architect_Session/mvp-architect-skill/SKILL.md,MVP Architect,manus-vault,artifact,AL-ARCH-7CE7A51C,H05-S04-N10,QUEUED,7,Autogenerated candidate for registry ingestion.
IQ-0368,manus-vault/MVP_Architect_Session/mvp_proposal.md,Proposal: Notion AI Kernel MVP for Cross-Platform Consensus,manus-vault,artifact,AL-ARCH-0CA84926,H01-S01-N02,QUEUED,7,Autogenerated candidate for registry ingestion.
IQ-0369,manus-vault/MVP_Architect_Session/review.md,Review of Notion AI Kernel Integration Specification,manus-vault,artifact,AL-ARCH-569407C9,H03-S05-N08,QUEUED,7,Autogenerated candidate for registry ingestion.
IQ-0370,manus-vault/MVP_Architect_Session/session_log.md,MVP Architect Session Log,manus-vault,artifact,AL-ARCH-4F337F19,H08-S04-N08,QUEUED,7,Autogenerated candidate for registry ingestion.
IQ-0371,manus-vault/README.md,Manus Vault,manus-vault,guide,AL-ARCH-B07F49B6,H09-S08-N02,QUEUED,7,Autogenerated candidate for registry ingestion.
IQ-0372,manus-vault/Skills/ai-native-os-architect/SKILL.md,AI-Native OS Architect,manus-vault,artifact,AL-ARCH-DC033319,H05-S04-N04,QUEUED,7,Autogenerated candidate for registry ingestion.
IQ-0373,manus-vault/Skills/mvp-architect/SKILL.md,MVP Architect,manus-vault,artifact,AL-ARCH-11D6DE4D,H06-S11-N07,QUEUED,7,Autogenerated candidate for registry ingestion.
IQ-0374,manus-vault/session_summary.md,Session Summary: Digital Noah's Ark - Total Annihilation Phase,manus-vault,report,AL-RESEARCH-E91BB68C,H06-S04-N03,QUEUED,7,Autogenerated candidate for registry ingestion.
