claim_id,original_claim,source_receipt,evidence_class,value_domain,quantity_unit_boundary,reproduced_calculation,competing_claim_or_correction,ecological_safety_regulatory_constraints,realization_status,unresolved_evidence,impacted_simulator_fields
CLM-001,Recovered Dongjiakou simulator is a public research candidate,https://github.com/atlaslattice/manus-artifacts/commit/85f06406c724067ef917c55761ba5ff4354409ef,PROJECT_REPORTED,RESOURCE,"23 DARs; six vetoes; zero credits; release-reported tests",No recalculation; repository snapshot,Older test counts are reported not freshly rerun,Preserve all vetoes and operating permissions,Research baseline only,Full CI and 23 site receipts,topology; validation; gates
CLM-002,v0.6 has five ledgers and 107 metrics,https://github.com/atlaslattice/manus-artifacts/pull/278,PROPOSED,GOVERNANCE,"3 schemas; 107 candidate indicator records",Registry count checked; none measured,107 catalog entries are not 107 observed results,CI currently failed; no merge,Review branch only; preserve baseline,Full CI and peer review,metric_registry; outcome_adapter
CLM-003,Biofuel calculations use only waste/residue/byproduct streams,Notion v0.2 + user instruction https://app.notion.com/p/3f40c1de73d981918618c76f15019806,PROPOSED,RESOURCE,"Dedicated crops excluded from base case",No yield implied,Earlier corn-grain SAF concept is outside this boundary,Land/soil retention; rights; product certification,Proposed scope,Qualified feedstock inventories,source_lot.feedstock_class; waste_only_flag
CLM-004,Waste does not exist; it is mismanagement,User hypothesis in evidence addendum https://app.notion.com/p/3f40c1de73d981c59602e7811af12eee,PROPOSED,RESOURCE,"No universal quantity",Not applicable; no universal recovery calculation,Rephrase as resource-search hypothesis; some residuals may be unsafe/infeasible,Contaminants; ecology; energy balance; end-of-life,Design principle only,Residual fate and safe-use evidence,source_lot.residual_fate
CLM-005,2025 soybean production/import baseline,NBS communiqué https://www.stats.gov.cn/english/PressRelease/202602/t20260228_1962661.html,OFFICIAL_POLICY,RESOURCE,"20.91 Mt output; 111.83 Mt imports; calendar 2025",111.83/(111.83+20.91)=84.25% gross import share only,2025/26 121.52 Mt consumption is different period/basis; gross share is not full self-sufficiency,Stocks/exports/seed/crush omitted,Official annual statistics; no Atlas credit,Reconcile CASDE marketing-year series,resource_period; commodity_balance
CLM-006,Intercropped soybean yield is 1.642 t/ha,Prior white paper and linked study receipts https://app.notion.com/p/3f40c1de73d981939166e243b043cb2b,PEER_REVIEWED_MODEL,RESOURCE,"t soybean/ha; specific study population not yet independently mapped to table",30 Mha×1.642=49.26 Mt conditional gross quantity,Not national incremental output; maize output/water and suitability may change,Local agronomy, water, machinery and farmer economics,Study-level result only,Exact table/sample/region and baseline,AGR01 yield; land/water constraints
CLM-007,Stacked yield technology could close ~97% soybean gap,DeepSeek model output; Notion baseline,MODELED,RESOURCE,"headline percentage stack; national adoption unspecified",No valid additive recomputation; effects overlap,Do not compound all gains without factorial interaction and adoption model,Food/land/water/ecology,Not a forecast,Independent multi-site trials,agronomy.intervention_overlap; yield_scenario
CLM-008,Cooperative fermentation could reach low protein cost,Notion baseline; IEA/TEA sources listed therein,MODELED,FINANCIAL/RESOURCE,"Earlier $2.5–5/kg dry basis scenario; no plant budget receipt",Lease defers CAPEX cash flow; total project cost unchanged,Protein equivalence not tonne-for-tonne; wet/dry and feedstock bases matter,Food/feed safety; organism/substrate/use approval,Technoeconomic hypothesis,Local CAPEX/OPEX, yields and trials,fermentation_cost; feed_substitution
CLM-009,China targets >20 bcm/year biomethane by 2030,NDRC 2019 guidance https://www.ndrc.gov.cn/xxgk/jd/jd/201912/t20191219_1213778.html,OFFICIAL_POLICY,RESILIENCE,"policy target >20 bcm/year by 2030",No production implied; NEA reports ~1 bcm/year built capacity across 146 projects end-2025,Target is not current production; built capacity is not utilization,Feedstock sustainability and gas quality,Policy target plus reported capacity,Annual output, uptime and feed allocation,biomethane_target; capacity; output
CLM-010,Natural-gas imports are 127.87 Mt in 2025,NBS communiqué S01,OFFICIAL_STATISTICS,RESOURCE,"tonnes, calendar year; not bcm",Do not convert without density/composition/reference state,Earlier DeepSeek bcm quantities may have factor/unit errors,No inferred gas yield or emissions,Official mass statistic; conversion unknown,Pipeline/LNG split and energy basis,gas_import_mass; gas_volume_basis
CLM-011,Ethane extraction from LNG reduces natural-gas dependence,Notion baseline / product reports,PROJECT_REPORTED,RESOURCE,"composition basis varies; product output needs receipt",No common calculation until mol/mol vs mass and cargo basis known,Extraction changes product mix and may require replacement heat; does not itself reduce methane imports,Quality/energy/of-take,Reported comparator only,Cargo assays and metered output,ethane; LNG heat; import dependency
CLM-012,Helium BOG recovery and fab closed-loop recovery can complement,Notion baseline sources incl operator/vendor records,PROJECT_REPORTED/ MODELED,RESILIENCE,"terminal supply in Nm3 or tonnes; fab demand/recovery separate boundary",No national surplus calculation accepted without matched feed and recovery,BOG extraction differs from downstream recycling; vendor recovery rates are not national rates,High purity; process safety; operating permits,Comparator/pilot claims; Dongjiakou UNKNOWN,Site helium assay/flow and fab-specific capture,helium_supply; helium_recycle; SHRU
CLM-013,SHRU standard can package commercial recovery components,DeepSeek proposal and supplier sources in Notion baseline,PROPOSED,GRV/RESOURCE,"No verified integrated standard unit",Not applicable,Components exist does not establish the assembled product’s validated performance,SEMI/fab/operator requirements; safety; leak containment,Research specification only,Independent vendor tests and interface consensus,SHRU modules; recovery/purity boundary
CLM-014,Gypsum can become sulfuric acid at ~0.4 t/t,Project EIA https://hbj.yichang.gov.cn/content-42531-996867-1.html,PROJECT_REPORTED,RESOURCE,"project-specific acid output / gypsum feed",0.4 t/t is a project reference only,Not universal stoichiometry or acid strength,Feed moisture/assay, emissions, residues, product standard,Third-party project design/report,Feed-specific balance and offtake,sulfur_feed; acid_equivalent; yield
CLM-015,Qingdao cold cascade is 34 GWh electricity,Qingdao official project report https://www.xihaian.gov.cn/ywdt/tsxq/202606/t20260603_10624706.shtml,PROJECT_REPORTED,FINANCIAL/RESOURCE,"26 GWh/year generation; 8 GWh/year cooling electricity avoided",Do not sum as generated electricity,26 and 8 are different output categories,Construction/design status; no local Atlas deployment,Under construction/design reported,As-operated meters; hourly cold grade and demand,cold_power_output; avoided_grid_load
CLM-016,National SAF capacity means local import displacement,NEA 2026 report https://www.nea.gov.cn/20260805/96c7a438f9544f349d189d2ef4547eab/c.html,PROJECT_REPORTED,RESILIENCE,"1.7 Mt/year constructed capacity reported end-2025",Capacity × utilization × eligible fuel/of-take required; not computable here,Capacity != production or displacement; Atlas base case is waste-derived feedstock only,Certification, chain of custody, lifecycle and airport requirements,National capacity context only,Certified output and offtake unknown,SAF_capacity; waste_feedstock
CLM-017,Treated sludge ash may be a mortar/construction input,2025 and 2026 studies https://www.sciencedirect.com/science/article/pii/S0950061825012504 ; https://www.sciencedirect.com/science/article/pii/S2352710226014105,PEER_REVIEWED_MODEL,RESOURCE/ECOLOGY,"Tested treatment mixtures only; no generic yield",No national recovery quantity supported,Untreated sludge is not equivalent; immobilization does not destroy contaminants,Assay/leach/durability/product approval/end-of-life gates,Lab study only,Source-specific assay and acceptance,sludge_ash_treatment; leaching_gate; residuals
CLM-018,Import replacement multiplier is 2x or 8.01x,DeepSeek macro text; BEA method https://www.bea.gov/sites/default/files/papers/WP2012-3.pdf,MODELED,FINANCIAL,"gross-output multiplier; not China-specific net GDP",No conversion to net GDP without IO counterfactual,Domestic imports also support local services; gross output differs from value added,Opportunity costs and distribution,Assumption only,China current IO table and displacement analysis,financial_ledger; local_value_added
CLM-019,5% chance per decade is 5% every year,DeepSeek resilience text and v0.6 fixture,MODELED,RESILIENCE,"5% cumulative probability over 10y",p=1−0.95^(1/10)=0.0051162 annual hazard,Not 5% annual; stationarity/independence are assumptions,Use correct period and uncertainty,Conditional arithmetic only,Empirical event model,scenario_probability_period
CLM-020,Atlas prevents $158B or $975B GDP losses,Stress-study reference and arithmetic appendix,MODELED,RESILIENCE,"At $19.5T GDP: 0.812%=$158.34B; 5%=$975B if scenario occurs",Do not call these avoided losses; probability-weighted expected loss also needs event probability, duration, recovery and project-covered sectors,No national mitigation fraction given,Stress case only; avoided fraction null,Source study boundary and scenario calibration,avoided_loss; sector_coverage
CLM-021,Beauty score means ecological regeneration,Notion Eden/greening pilot and GitHub v0.6,PROPOSED,QOL/ECOLOGY,"No measured Dongjiakou QOL or ecosystem score",Not applicable,Keep aesthetics, health, ecological function and compliance separate,Water quality, biodiversity, permits and vetoes,QOL design only,Independent baseline and follow-up,quality_of_life; ecology; vetoes
CLM-022,Public forkability means global benefit achieved,GitHub v0.6 GRV schema and release record,PROPOSED,GRV,"AVAILABLE stage only for public code",No GRV benefit until counterfactual comparison,Stars/forks are not independent reproduction or operating replication,Licenses and local authorization,Public availability; no physical replication claim,Independent adopter receipts,GRV stage; adoption benefit
CLM-023,AI-first OS architecture is an operating industrial platform,Sheldonbrain OS index https://app.notion.com/p/3210c1de73d981a7b04cdced2cc61515,PROPOSED,GOVERNANCE,"Canon/corpus/system concept",No operational output measured,Place as companion architecture; no evidence of resource performance,Privacy, authorization, data custody, safety, governance,Knowledge architecture concept,Operational implementation and audit,provenance; canon; governance
